id,origem,nome_original,titulo_atlas,plano_original,regra_efetiva,etapa_principal,etapas_relacionadas,rota_sugerida,rota_detalhada,view_key,composicao,desktop,mobile,pagina_mapa,pagina_atlas,status,evidencia,decisao_relacionada
MKT-001,complemento atlas,,Todo tu restaurante. Un solo ritmo.,Complemento do atlas,Público BossaOS,E10,,/[locale],sim,MKT-001,página/painel a compor,obrigatório,obrigatório/adaptado à superfície,,7,validado,"Landing comercial da BossaOS. MKT-001/002/003 são secções do mesmo endereço, por parâmetro — um endereço partilhável não pode mudar com o que o visitante rolou. A tabela de planos NÃO publica preços: os escalões são reais, os preços não existem em documento nenhum e inventá-los numa página comercial é uma promessa a quem os leu. móvel medido no navegador a 360, 390, 768, 1280 e 1440 px: transbordo horizontal, elementos fora do ecrã, alvos de toque a 44 px e contraste WCAG. Toda a visita afirma o endereço final e um marcador da própria tela. · inspeccao/marketing.spec.ts · VALIDADO 04/09 pelo sénior: provar-sites.sh 0 falhas, 11 passos, 8 controlos negativos — o catch largo, a regra preguiçosa e a porta que serve sem prova de controlo; e 254 casos de navegador corridos pelo revisor, não declarados",
MKT-002,complemento atlas,,Una base para cada parte del servicio,Complemento do atlas,Público BossaOS,E10,,/[locale]?section=product,sim,MKT-002,seção da landing page,obrigatório,obrigatório/adaptado à superfície,,8,validado,"Landing comercial da BossaOS. MKT-001/002/003 são secções do mesmo endereço, por parâmetro — um endereço partilhável não pode mudar com o que o visitante rolou. A tabela de planos NÃO publica preços: os escalões são reais, os preços não existem em documento nenhum e inventá-los numa página comercial é uma promessa a quem os leu. móvel medido no navegador a 360, 390, 768, 1280 e 1440 px: transbordo horizontal, elementos fora do ecrã, alvos de toque a 44 px e contraste WCAG. Toda a visita afirma o endereço final e um marcador da própria tela. · inspeccao/marketing.spec.ts · VALIDADO 04/09 pelo sénior: provar-sites.sh 0 falhas, 11 passos, 8 controlos negativos — o catch largo, a regra preguiçosa e a porta que serve sem prova de controlo; e 254 casos de navegador corridos pelo revisor, não declarados",
MKT-003,complemento atlas,,Un plan para tu restaurante,Complemento do atlas,Público BossaOS,E10,,/[locale]?section=plans,sim,MKT-003,seção da landing page,obrigatório,obrigatório/adaptado à superfície,,9,validado,"Landing comercial da BossaOS. MKT-001/002/003 são secções do mesmo endereço, por parâmetro — um endereço partilhável não pode mudar com o que o visitante rolou. A tabela de planos NÃO publica preços: os escalões são reais, os preços não existem em documento nenhum e inventá-los numa página comercial é uma promessa a quem os leu. móvel medido no navegador a 360, 390, 768, 1280 e 1440 px: transbordo horizontal, elementos fora do ecrã, alvos de toque a 44 px e contraste WCAG. Toda a visita afirma o endereço final e um marcador da própria tela. · inspeccao/marketing.spec.ts · VALIDADO 04/09 pelo sénior: provar-sites.sh 0 falhas, 11 passos, 8 controlos negativos — o catch largo, a regra preguiçosa e a porta que serve sem prova de controlo; e 254 casos de navegador corridos pelo revisor, não declarados",
MKT-004,complemento atlas,,El producto BossaOS,Complemento do atlas,Público BossaOS,E10,,/[locale]/product,sim,MKT-004,página/painel a compor,obrigatório,obrigatório/adaptado à superfície,,10,validado,"Landing comercial da BossaOS. MKT-001/002/003 são secções do mesmo endereço, por parâmetro — um endereço partilhável não pode mudar com o que o visitante rolou. A tabela de planos NÃO publica preços: os escalões são reais, os preços não existem em documento nenhum e inventá-los numa página comercial é uma promessa a quem os leu. móvel medido no navegador a 360, 390, 768, 1280 e 1440 px: transbordo horizontal, elementos fora do ecrã, alvos de toque a 44 px e contraste WCAG. Toda a visita afirma o endereço final e um marcador da própria tela. · inspeccao/marketing.spec.ts · VALIDADO 04/09 pelo sénior: provar-sites.sh 0 falhas, 11 passos, 8 controlos negativos — o catch largo, a regra preguiçosa e a porta que serve sem prova de controlo; e 254 casos de navegador corridos pelo revisor, não declarados",
MKT-005,complemento atlas,,Compara los planes,Complemento do atlas,Público BossaOS,E10,,/[locale]/plans,sim,MKT-005,página/painel a compor,obrigatório,obrigatório/adaptado à superfície,,11,validado,"Landing comercial da BossaOS. MKT-001/002/003 são secções do mesmo endereço, por parâmetro — um endereço partilhável não pode mudar com o que o visitante rolou. A tabela de planos NÃO publica preços: os escalões são reais, os preços não existem em documento nenhum e inventá-los numa página comercial é uma promessa a quem os leu. móvel medido no navegador a 360, 390, 768, 1280 e 1440 px: transbordo horizontal, elementos fora do ecrã, alvos de toque a 44 px e contraste WCAG. Toda a visita afirma o endereço final e um marcador da própria tela. · inspeccao/marketing.spec.ts · VALIDADO 04/09 pelo sénior: provar-sites.sh 0 falhas, 11 passos, 8 controlos negativos — o catch largo, a regra preguiçosa e a porta que serve sem prova de controlo; e 254 casos de navegador corridos pelo revisor, não declarados",
MKT-006,complemento atlas,,Así empezamos contigo,Complemento do atlas,Público BossaOS,E10,,/[locale]/onboarding,sim,MKT-006,página/painel a compor,obrigatório,obrigatório/adaptado à superfície,,12,validado,"Landing comercial da BossaOS. MKT-001/002/003 são secções do mesmo endereço, por parâmetro — um endereço partilhável não pode mudar com o que o visitante rolou. A tabela de planos NÃO publica preços: os escalões são reais, os preços não existem em documento nenhum e inventá-los numa página comercial é uma promessa a quem os leu. móvel medido no navegador a 360, 390, 768, 1280 e 1440 px: transbordo horizontal, elementos fora do ecrã, alvos de toque a 44 px e contraste WCAG. Toda a visita afirma o endereço final e um marcador da própria tela. · inspeccao/marketing.spec.ts · VALIDADO 04/09 pelo sénior: provar-sites.sh 0 falhas, 11 passos, 8 controlos negativos — o catch largo, a regra preguiçosa e a porta que serve sem prova de controlo; e 254 casos de navegador corridos pelo revisor, não declarados",
MKT-007,complemento atlas,,Ve BossaOS en una demo,Complemento do atlas,Público BossaOS,E10,,/[locale]/demo,sim,MKT-007,página/painel a compor,obrigatório,obrigatório/adaptado à superfície,,13,validado,"Landing comercial da BossaOS. MKT-001/002/003 são secções do mesmo endereço, por parâmetro — um endereço partilhável não pode mudar com o que o visitante rolou. A tabela de planos NÃO publica preços: os escalões são reais, os preços não existem em documento nenhum e inventá-los numa página comercial é uma promessa a quem os leu. móvel medido no navegador a 360, 390, 768, 1280 e 1440 px: transbordo horizontal, elementos fora do ecrã, alvos de toque a 44 px e contraste WCAG. Toda a visita afirma o endereço final e um marcador da própria tela. · inspeccao/marketing.spec.ts · VALIDADO 04/09 pelo sénior: provar-sites.sh 0 falhas, 11 passos, 8 controlos negativos — o catch largo, a regra preguiçosa e a porta que serve sem prova de controlo; e 254 casos de navegador corridos pelo revisor, não declarados",
MKT-008,complemento atlas,,Una base para trabajar con confianza,Complemento do atlas,Público BossaOS,E10,,/[locale]/trust,sim,MKT-008,página/painel a compor,obrigatório,obrigatório/adaptado à superfície,,14,validado,"Landing comercial da BossaOS. MKT-001/002/003 são secções do mesmo endereço, por parâmetro — um endereço partilhável não pode mudar com o que o visitante rolou. A tabela de planos NÃO publica preços: os escalões são reais, os preços não existem em documento nenhum e inventá-los numa página comercial é uma promessa a quem os leu. móvel medido no navegador a 360, 390, 768, 1280 e 1440 px: transbordo horizontal, elementos fora do ecrã, alvos de toque a 44 px e contraste WCAG. Toda a visita afirma o endereço final e um marcador da própria tela. · inspeccao/marketing.spec.ts · VALIDADO 04/09 pelo sénior: provar-sites.sh 0 falhas, 11 passos, 8 controlos negativos — o catch largo, a regra preguiçosa e a porta que serve sem prova de controlo; e 254 casos de navegador corridos pelo revisor, não declarados",
MKT-009,complemento atlas,,Resolvemos tus dudas,Complemento do atlas,Público BossaOS,E10,,/[locale]/faq,sim,MKT-009,página/painel a compor,obrigatório,obrigatório/adaptado à superfície,,15,validado,"Landing comercial da BossaOS. MKT-001/002/003 são secções do mesmo endereço, por parâmetro — um endereço partilhável não pode mudar com o que o visitante rolou. A tabela de planos NÃO publica preços: os escalões são reais, os preços não existem em documento nenhum e inventá-los numa página comercial é uma promessa a quem os leu. móvel medido no navegador a 360, 390, 768, 1280 e 1440 px: transbordo horizontal, elementos fora do ecrã, alvos de toque a 44 px e contraste WCAG. Toda a visita afirma o endereço final e um marcador da própria tela. · inspeccao/marketing.spec.ts · VALIDADO 04/09 pelo sénior: provar-sites.sh 0 falhas, 11 passos, 8 controlos negativos — o catch largo, a regra preguiçosa e a porta que serve sem prova de controlo; e 254 casos de navegador corridos pelo revisor, não declarados",
MKT-010,complemento atlas,,Aprende con la operación real,Complemento do atlas,Público BossaOS,E10,,/[locale]/pilot,sim,MKT-010,página/painel a compor,obrigatório,obrigatório/adaptado à superfície,,16,validado,"Landing comercial da BossaOS. MKT-001/002/003 são secções do mesmo endereço, por parâmetro — um endereço partilhável não pode mudar com o que o visitante rolou. A tabela de planos NÃO publica preços: os escalões são reais, os preços não existem em documento nenhum e inventá-los numa página comercial é uma promessa a quem os leu. móvel medido no navegador a 360, 390, 768, 1280 e 1440 px: transbordo horizontal, elementos fora do ecrã, alvos de toque a 44 px e contraste WCAG. Toda a visita afirma o endereço final e um marcador da própria tela. · inspeccao/marketing.spec.ts · VALIDADO 04/09 pelo sénior: provar-sites.sh 0 falhas, 11 passos, 8 controlos negativos — o catch largo, a regra preguiçosa e a porta que serve sem prova de controlo; e 254 casos de navegador corridos pelo revisor, não declarados",
MKT-011,complemento atlas,,Tu solicitud está enviada,Complemento do atlas,Público BossaOS,E10,,/[locale]/demo/thanks,sim,MKT-011,estado de rota,obrigatório,obrigatório/adaptado à superfície,,17,validado,"Landing comercial da BossaOS. MKT-001/002/003 são secções do mesmo endereço, por parâmetro — um endereço partilhável não pode mudar com o que o visitante rolou. A tabela de planos NÃO publica preços: os escalões são reais, os preços não existem em documento nenhum e inventá-los numa página comercial é uma promessa a quem os leu. móvel medido no navegador a 360, 390, 768, 1280 e 1440 px: transbordo horizontal, elementos fora do ecrã, alvos de toque a 44 px e contraste WCAG. Toda a visita afirma o endereço final e um marcador da própria tela. · inspeccao/marketing.spec.ts · VALIDADO 04/09 pelo sénior: provar-sites.sh 0 falhas, 11 passos, 8 controlos negativos — o catch largo, a regra preguiçosa e a porta que serve sem prova de controlo; e 254 casos de navegador corridos pelo revisor, não declarados",
MKT-012,complemento atlas,,No encontramos esta página,Complemento do atlas,Público BossaOS,E10,,/[locale]/404,sim,MKT-012,estado de rota,obrigatório,obrigatório/adaptado à superfície,,18,validado,"Landing comercial da BossaOS. MKT-001/002/003 são secções do mesmo endereço, por parâmetro — um endereço partilhável não pode mudar com o que o visitante rolou. A tabela de planos NÃO publica preços: os escalões são reais, os preços não existem em documento nenhum e inventá-los numa página comercial é uma promessa a quem os leu. móvel medido no navegador a 360, 390, 768, 1280 e 1440 px: transbordo horizontal, elementos fora do ecrã, alvos de toque a 44 px e contraste WCAG. Toda a visita afirma o endereço final e um marcador da própria tela. · inspeccao/marketing.spec.ts · VALIDADO 04/09 pelo sénior: provar-sites.sh 0 falhas, 11 passos, 8 controlos negativos — o catch largo, a regra preguiçosa e a porta que serve sem prova de controlo; e 254 casos de navegador corridos pelo revisor, não declarados",
AUTH-001,mapa original,Login,Accede a BossaOS,Todos,Todos,E04,,/[idioma]/auth/login,sim,AUTH-001,página,obrigatório,obrigatório/adaptado à superfície,5,19,validado,docs/progress/E04.md · prova provar-acesso.sh a 0 falhas,
AUTH-002,mapa original,Login por PIN,Identifica tu turno,Restaurant+,Restaurant+,E13,,/auth/[locale]/operator-pin,sim,AUTH-002,diálogo/painel ou etapa do fluxo,obrigatório,obrigatório/adaptado à superfície,5,20,planejado,,
AUTH-003,mapa original,Esqueci a senha,Recupera tu acceso,Todos,Todos,E04,,/[idioma]/auth/forgot-password,sim,AUTH-003,página,obrigatório,obrigatório/adaptado à superfície,5,21,validado,docs/progress/E04.md · prova provar-acesso.sh a 0 falhas,
AUTH-004,mapa original,Redefinir senha,Crea una nueva contraseña,Todos,Todos,E04,,/[idioma]/auth/reset-password,sim,AUTH-004,página,obrigatório,obrigatório/adaptado à superfície,5,22,validado,docs/progress/E04.md · prova provar-acesso.sh a 0 falhas,
AUTH-005,mapa original,MFA / verificacao,Verificación en dos pasos,Pro/seguranca,Todos: segurança básica; gestão avançada conforme plano,E04,,/[idioma]/auth/mfa,sim,AUTH-005,página,obrigatório,obrigatório/adaptado à superfície,5,23,validado,docs/progress/E04.md · prova provar-acesso.sh a 0 falhas,D06
AUTH-006,mapa original,Aceitar convite,Te han invitado a La Societat,Todos,Todos,E04,,/[idioma]/auth/invite/[token],sim,AUTH-006,página,obrigatório,obrigatório/adaptado à superfície,5,24,validado,docs/progress/E04.md · prova provar-acesso.sh a 0 falhas,
AUTH-007,mapa original,Selecionar organizacao,Elige tu organización,Todos,Todos,E04,,/[idioma]/auth/organizations,sim,AUTH-007,página,obrigatório,obrigatório/adaptado à superfície,5,25,validado,docs/progress/E04.md · prova provar-acesso.sh a 0 falhas,
AUTH-008,mapa original,Selecionar unidade,Elige dónde vas a trabajar,Restaurant+,Restaurant+,E04,,/[idioma]/auth/locations,sim,AUTH-008,página,obrigatório,obrigatório/adaptado à superfície,5,26,validado,docs/progress/E04.md · prova provar-acesso.sh a 0 falhas,
AUTH-009,mapa original,Sessao expirada / bloqueada,Tu sesión se ha pausado,Todos,Todos,E04,,/[idioma]/auth/session-expired,sim,AUTH-009,estado de rota (componente Estado),obrigatório,obrigatório/adaptado à superfície,5,27,validado,docs/progress/E04.md · prova provar-acesso.sh a 0 falhas,
ONB-001,mapa original,Criar organizacao,Crea tu organización,Todos,Todos,E06,,/[idioma]/onboarding/organizacao,sim,ONB-001,página/painel a compor,obrigatório,obrigatório/adaptado à superfície,5,28,validado,"docs/progress/E06.md · provar-onboarding.sh: a mesma chave não duplica; país, fuso e moeda começam por escolher",
ONB-002,mapa original,Criar primeira marca,Tu primera marca,Todos,Todos,E06,,/[idioma]/onboarding/marca,sim,ONB-002,página/painel a compor,obrigatório,obrigatório/adaptado à superfície,5,29,validado,docs/progress/E06.md · idioma principal sem valor sugerido; criação idempotente com quota de marcas,
ONB-003,mapa original,Criar primeira unidade,Tu primer restaurante,Todos,Todos,E06,,/[idioma]/onboarding/unidade,sim,ONB-003,página/painel a compor,obrigatório,obrigatório/adaptado à superfície,6,30,validado,docs/progress/E06.md · moeda e fuso não são herdados em silêncio da organização,
ONB-004,mapa original,Escolher plano,Elige cómo empezar,Todos,Todos,E05,,/[idioma]/onboarding/plano,sim,ONB-004,página/painel a compor,obrigatório,obrigatório/adaptado à superfície,6,31,validado,docs/progress/E05.md · provar-planos.sh a 0 falhas,
ONB-005,mapa original,Importar catalogo,Importa tu carta,Todos,Todos,E08,,/onboarding,/onboarding/importar,ONB-005,página/painel a compor,obrigatório,obrigatório/adaptado à superfície,6,32,validado,"Mesmo motor do CAT-027; a estratégia NÃO aparece — no arranque não há nada para actualizar, e mostrar a escolha era pedir uma decisão sobre um caso que não existe. Fica criar_apenas fixo.",
ONB-006,mapa original,Configurar menu inicial,Organiza el primer menú,Todos,Todos,E08,,/onboarding,/onboarding/menu,ONB-006,página/painel a compor,obrigatório,obrigatório/adaptado à superfície,6,33,validado,"O menu nasce COM secções: um menu vazio existe na lista, faz o item do arranque ficar verde e não pode ser publicado — descoberto três ecrãs depois. As categorias vêm com a contagem de produtos, para não se escolher às cegas.",
ONB-007,mapa original,Configurar areas e mesas,Dibuja sala y terraza,Restaurant+,Restaurant+,E13,,/onboarding,família; compor na E00,ONB-007,página/painel a compor,obrigatório,obrigatório/adaptado à superfície,6,34,planejado,,
ONB-008,mapa original,Configurar cozinha/bar,Conecta cocina y barra,Restaurant+,Restaurant+,E16,,/onboarding,família; compor na E00,ONB-008,página/painel a compor,obrigatório,obrigatório/adaptado à superfície,6,35,planejado,,
ONB-009,mapa original,Convidar equipe,Invita a tu equipo,Restaurant+,Restaurant+,E04,,/[idioma]/onboarding,família; compor na E00,ONB-009,página,obrigatório,obrigatório/adaptado à superfície,6,36,validado,docs/progress/E04.md · prova provar-acesso.sh a 0 falhas,
ONB-010,mapa original,Checklist de go-live,Todo listo para empezar,Todos,Todos,E06,"E11,E21,E34,E35",/[idioma]/onboarding/pronto,sim,ONB-010,página/painel a compor,obrigatório,obrigatório/adaptado à superfície,6,37,validado,docs/progress/E06.md · aceite 3: no Starter o pedido de prova não conta como pendente,
ORG-001,mapa original,Perfil da organizacao,Perfil de la organización,Todos,Todos,E06,,/[idioma]/app/[orgSlug]/organization/perfil,sim,ORG-001,página/painel a compor,obrigatório,obrigatório/adaptado à superfície,6,38,validado,docs/progress/E06.md · campo vazio apaga; campo ausente não mexe,
ORG-002,mapa original,Lista de marcas,Marcas de la organización,Pro,Pro,E06,E30,/[idioma]/app/[orgSlug]/organization/marcas,sim,ORG-002,página/painel a compor,obrigatório,obrigatório/adaptado à superfície,6,39,validado,docs/progress/E06.md · a acção fica desactivada sem quota; a página não desaparece,
ORG-003,mapa original,Detalhe da marca,La Societat 1927,Pro,Pro,E06,E30,/[idioma]/app/[orgSlug]/organization/marcas/[brandId],sim,ORG-003,página/painel a compor,obrigatório,obrigatório/adaptado à superfície,6,40,validado,docs/progress/E06.md · catálogo e herança declarados por medir (E07/E12),
ORG-004,mapa original,Lista de unidades,Tus restaurantes,Restaurant+,Restaurant+,E06,E30,/[idioma]/app/[orgSlug]/organization/unidades,sim,ORG-004,página/painel a compor,obrigatório,obrigatório/adaptado à superfície,6,41,validado,"docs/progress/E06.md · a coluna de horário diz três coisas, incluindo sem configuração",
ORG-005,mapa original,Detalhe da unidade,Oropesa del Mar,Todos,Todos,E06,,/[idioma]/app/[orgSlug]/organization/unidades/[locationId],sim,ORG-005,página/painel a compor,obrigatório,obrigatório/adaptado à superfície,6,42,validado,docs/progress/E06.md · moeda e fuso por configurar dizem-no; dependências antes de arquivar,
ORG-006,mapa original,Horario da unidade,Horarios de apertura,Todos,Todos,E06,,/[idioma]/app/[orgSlug]/organization/unidades/[locationId]/horarios,sim,ORG-006,página/painel a compor,obrigatório,obrigatório/adaptado à superfície,6,43,validado,"docs/progress/E06.md · aceite 2: 20:00-01:00 e excepção de feriado, provados contra a base",
ORG-007,mapa original,Usuarios e memberships,Personas y accesos,Todos,Todos,E04,,/[idioma]/app/[orgSlug]/organization,família; compor na E00,ORG-007,página,obrigatório,obrigatório/adaptado à superfície,6,44,validado,docs/progress/E04.md · prova provar-acesso.sh a 0 falhas,
ORG-008,mapa original,Detalhe do usuario,Alex García,Todos,Todos,E04,"E13,E33",/[idioma]/app/[orgSlug]/organization/[membershipId],família; compor na E00,ORG-008,página,obrigatório,obrigatório/adaptado à superfície,6,45,validado,docs/progress/E04.md · prova provar-acesso.sh a 0 falhas,
ORG-009,mapa original,Roles e permissoes,Roles y permisos,Pro,Pro,E33,,/app/[orgSlug]/organization,família; compor na E00,ORG-009,página/painel a compor,obrigatório,obrigatório/adaptado à superfície,6,46,planejado,,
ORG-010,mapa original,Plano e assinatura,Tu plan BossaOS,Todos,Todos,E05,E32,/[idioma]/app/[orgSlug]/organization/plano,sim,ORG-010,página/painel a compor,obrigatório,obrigatório/adaptado à superfície,6,47,validado,docs/progress/E05.md · provar-planos.sh e provar-descidas.sh a 0 falhas,
ORG-011,mapa original,Historico de cobranca,Historial de facturación,Todos,Todos,E32,,/app/[orgSlug]/organization,família; compor na E00,ORG-011,página/painel a compor,obrigatório,obrigatório/adaptado à superfície,6,48,planejado,,
ORG-012,mapa original,Metodo de pagamento SaaS,Método de pago de la suscripción,Todos,Todos,E32,,/app/[orgSlug]/organization,família; compor na E00,ORG-012,página/painel a compor,obrigatório,obrigatório/adaptado à superfície,6,49,planejado,,
ORG-013,mapa original,Uso e limites,Uso y límites,Todos,Todos,E05,E32,/[idioma]/app/[orgSlug]/organization/uso,sim,ORG-013,página/painel a compor,obrigatório,obrigatório/adaptado à superfície,6,50,validado,docs/progress/E05.md · números contados na base; produtos e armazenamento declarados por medir,
ORG-014,mapa original,Upgrade/downgrade,Cambiar de plan,Todos,Todos,E05,"E12,E32",/[idioma]/app/[orgSlug]/organization/plano/cambiar,sim,ORG-014,página/painel a compor,obrigatório,obrigatório/adaptado à superfície,6,51,validado,docs/progress/E05.md · provar-descidas.sh: a prévia é a mesma chamada da efectivação,
ORG-015,mapa original,Encerrar/cancelar tenant,Cancelar la suscripción,Todos,Todos,E06,"E32,E33",/[idioma]/app/[orgSlug]/organization/plano/cancelar,sim,ORG-015,diálogo/painel ou etapa do fluxo,obrigatório,obrigatório/adaptado à superfície,6,52,validado,docs/progress/E06.md · regista o pedido auditado; a efectivação é da plataforma (E32),
CAT-001,mapa original,Visao geral do catalogo,"Tu catálogo, conectado",Todos,Todos,E07,,/app/[orgSlug]/brands/[brandSlug]/catalog,/app/[orgSlug]/catalogo,CAT-001,página/painel a compor,obrigatório,obrigatório/adaptado à superfície,7,53,validado,"Contadores medidos (produtos, alérgenos por declarar); publicados e sem foto ficam ""aún no medido"" com razão — publicar é E08, imagens depois. Sem gráfico: não há sete dias de história.",
CAT-002,mapa original,Lista de menus,Menús,Todos,Todos,E07,,/app/[orgSlug]/brands/[brandSlug]/catalog/menus,/app/[orgSlug]/catalogo/menus,CAT-002,página/painel a compor,obrigatório,obrigatório/adaptado à superfície,7,54,validado,"Lista com âmbito (marca vs unidade) e período; ausente dos dois lados diz ""todo el año"" por extenso. Criação inline: a matriz não tem tela de criação de menu.",
CAT-003,mapa original,Criar/editar menu,Editar menú,Todos,Todos,E07,,/app/[orgSlug]/brands/[brandSlug]/catalog/menus/[menuId],/app/[orgSlug]/catalogo/menus/[menuId],CAT-003,página/painel a compor,obrigatório,obrigatório/adaptado à superfície,7,55,validado,"Período semiaberto [de, até); o fim é o início do dia seguinte para o último dia contar. Datas interpretadas no fuso da unidade quando o menu tem unidade. Concorrência optimista.",
CAT-004,mapa original,Construtor logico do menu,Organiza tu carta,Todos,Todos,E07,,/app/[orgSlug]/brands/[brandSlug]/catalog/menus/[menuId]/builder,/app/[orgSlug]/catalogo/menus/[menuId]/ordem,CAT-004,página/painel a compor,obrigatório,obrigatório/adaptado à superfície,7,56,validado,Ordem é um inteiro escrito; arrastar fica declarado como melhoria. Funciona sem JavaScript. Ordem ilegível deixa a linha como está.,
CAT-005,mapa original,Lista de categorias,Categorías,Todos,Todos,E07,,/app/[orgSlug]/brands/[brandSlug]/catalog/categories,/app/[orgSlug]/catalogo/categorias,CAT-005,página/painel a compor,obrigatório,obrigatório/adaptado à superfície,7,57,validado,"Contagem de produtos real (_count). Criação inline; a categoria nova entra no FIM da carta, não no princípio.",
CAT-006,mapa original,Editar categoria,Editar categoría,Todos,Todos,E07,,/app/[orgSlug]/brands/[brandSlug]/catalog/categories/[categoryId],/app/[orgSlug]/catalogo/categorias/[categoryId],CAT-006,página/painel a compor,obrigatório,obrigatório/adaptado à superfície,7,58,validado,visivel=false esconde sem apagar e sem tocar nos produtos — a categoria sazonal volta com as fichas de alérgenos intactas. Concorrência optimista.,
CAT-007,mapa original,Lista de produtos,Productos,Todos,Todos,E07,,/app/[orgSlug]/brands/[brandSlug]/catalog/products,/app/[orgSlug]/catalogo/produtos,CAT-007,página/painel a compor,obrigatório,obrigatório/adaptado à superfície,7,59,validado,"Preço RESOLVIDO pelo motor de precedência, não guardado. ""Sin precio"" e não zero. Estado é rascunho/activo/arquivado — ""Publicado"" é E08. Busca por GET, sem JavaScript.",
CAT-008,mapa original,Criar produto,Nuevo producto,Todos,Todos,E07,,/app/[orgSlug]/brands/[brandSlug]/catalog/products/new,/app/[orgSlug]/catalogo/produtos/novo,CAT-008,página/painel a compor,obrigatório,obrigatório/adaptado à superfície,7,60,validado,Preço criado como REGRA BASE (não coluna do produto). Sem montante+moeda não se cria preço. Imposto declarado por validar (E24). Quota de produtos verificada no servidor.,
CAT-009,mapa original,Editar produto - geral,Croquetas caseras,Todos,Todos,E07,,/app/[orgSlug]/brands/[brandSlug]/catalog/products/[productId],/app/[orgSlug]/catalogo/produtos/[productId],CAT-009,página/painel a compor,obrigatório,obrigatório/adaptado à superfície,7,61,validado,Concorrência optimista: WHERE id AND version; distingue ausência de conflito. Aviso de alérgenos por declarar no topo.,
CAT-010,mapa original,Editar produto - precos,Precios del producto,Todos,Todos,E07,"E14,E22,E24",/app/[orgSlug]/brands/[brandSlug]/catalog/products/[productId]?tab=prices,/app/[orgSlug]/catalogo/produtos/[productId]/precos,CAT-010,aba,obrigatório,obrigatório/adaptado à superfície,7,62,validado,"Matriz unidade × canal resolvida pelo motor; origem Heredado/Local vem do motor. EMPATE DEVOLVE CONFLITO com os ids das regras, nunca um vencedor pela ordem da base. Moeda da UNIDADE.",
CAT-011,mapa original,Editar produto - variantes,Variantes del producto,Todos,Todos,E07,,/app/[orgSlug]/brands/[brandSlug]/catalog/products/[productId]?tab=variants,/app/[orgSlug]/catalogo/produtos/[productId]/variantes,CAT-011,aba,obrigatório,obrigatório/adaptado à superfície,7,63,validado,predefinida é rádio (uma ou nenhuma); a rota limpa todas antes de marcar. Duas predefinidas fariam o TPV escolher pela ordem da base.,
CAT-012,mapa original,Editar produto - modificadores,Opciones y extras,Todos,Todos,E07,,/app/[orgSlug]/brands/[brandSlug]/catalog/products/[productId]?tab=modifiers,/app/[orgSlug]/catalogo/produtos/[productId]/opcoes,CAT-012,aba,obrigatório,obrigatório/adaptado à superfície,7,64,validado,"O ecrã MOSTRA os limites; quem valida é POST /api/org/[orgSlug]/produtos/[productId]/opcoes, que lê os limites da BASE e não do corpo. Aceita JSON — TPV/quiosque/curl, não formulário.",
CAT-013,mapa original,Editar produto - alergenos,Alérgenos del producto,Todos,Todos,E07,,/app/[orgSlug]/brands/[brandSlug]/catalog/products/[productId]?tab=allergens,/app/[orgSlug]/catalogo/produtos/[productId]/alergenos,CAT-013,aba,obrigatório,obrigatório/adaptado à superfície,7,65,validado,"QUATRO estados num seletor, ""sin declarar"" é opção seleccionável — diverge do atlas, que usa caixa (dois estados) para um modelo de quatro. DESCONHECIDO apaga a declaração. Preferência alimentar em cartão separado.",
CAT-014,mapa original,Editar produto - midia,Fotos del producto,Todos,Todos,E08,,/app/[orgSlug]/brands/[brandSlug]/catalog/products/[productId]?tab=media,/app/[orgSlug]/catalogo/produtos/[productId]/fotos,CAT-014,aba,obrigatório,obrigatório/adaptado à superfície,7,66,validado,"Escolhe-se da biblioteca, não se carrega aqui: o mesmo ficheiro serve vários produtos, e substituí-lo passaria a ser dez trabalhos. A principal é um rádio (uma ou nenhuma), com índice parcial na base.",
CAT-015,mapa original,Editar produto - traducoes,Traduce el producto,Todos,Todos,E08,,/app/[orgSlug]/brands/[brandSlug]/catalog/products/[productId]?tab=translations,/app/[orgSlug]/catalogo/produtos/[productId]/traducoes,CAT-015,aba,obrigatório,obrigatório/adaptado à superfície,7,67,validado,"TRÊS estados: pendente, revisada e obsoleta. A obsoleta é a perigosa — tem assinatura e data e por isso parece verificada. Texto original ao lado, não atrás de um separador. Sem fornecedor automático: declarado no ecrã.",
CAT-016,mapa original,Editar produto - canais,Dónde se vende,Todos,Todos,E07,,/app/[orgSlug]/brands/[brandSlug]/catalog/products/[productId]?tab=channels,/app/[orgSlug]/catalogo/produtos/[productId]/canais,CAT-016,aba,obrigatório,obrigatório/adaptado à superfície,7,68,validado,"Canais sem plano aparecem desligados COM O MOTIVO, não escondidos; a recusa real está na rota. TAKEAWAY não tem capacidade no E05 e por isso não é limitado — declarado, não inventado.",
CAT-017,mapa original,Editar produto - disponibilidade,Disponibilidad,Todos,Todos,E07,E25,/app/[orgSlug]/brands/[brandSlug]/catalog/products/[productId]?tab=availability,/app/[orgSlug]/catalogo/produtos/[productId]/disponibilidade,CAT-017,aba,obrigatório,obrigatório/adaptado à superfície,7,69,validado,"Bloqueio com fim expira sozinho. Hora lida no fuso DA UNIDADE (instanteNaZona); unidade sem fuso recusa, hora inexistente recusa. Pedidos existentes conservam a informação original.",
CAT-018,mapa original,Grupos de modificadores,Biblioteca de opciones,Todos,Todos,E07,,/app/[orgSlug]/brands/[brandSlug]/catalog/modifiers,/app/[orgSlug]/catalogo/opcoes,CAT-018,página/painel a compor,obrigatório,obrigatório/adaptado à superfície,7,70,validado,"Coluna Uso conta os produtos que usam cada grupo — mudar um mínimo deixa de ser cego. Sem tecto por extenso, nunca campo vazio. Criação inline exige uma opção.",
CAT-019,mapa original,Editor de modificador,Editar grupo de opciones,Todos,Todos,E07,,/app/[orgSlug]/brands/[brandSlug]/catalog/modifiers/[groupId],/app/[orgSlug]/catalogo/opcoes/[groupId],CAT-019,página/painel a compor,obrigatório,obrigatório/adaptado à superfície,7,71,validado,"As três regras (max<min, obrigatório com min 0, max>opções) validadas por validarGrupo ANTES da escrita, contra a forma que o grupo VAI ter. Máximo vazio = sem tecto, não zero. destino guardado, consumido no E16.",
CAT-020,mapa original,Combos/menus fechados,Menú del día,Restaurant+,Restaurant+,E14,,/app/[orgSlug]/brands/[brandSlug]/catalog/combos,sim,CAT-020,página/painel a compor,obrigatório,obrigatório/adaptado à superfície,7,72,planejado,,
CAT-021,mapa original,Impostos e taxas de item,Impuestos por producto,Pro,Pro,E24,,/app/[orgSlug]/brands/[brandSlug]/catalog/taxes,sim,CAT-021,página/painel a compor,obrigatório,obrigatório/adaptado à superfície,7,73,planejado,,
CAT-022,mapa original,Alergenos - biblioteca,Biblioteca de alérgenos,Todos,Todos,E07,,/app/[orgSlug]/brands/[brandSlug]/catalog/allergens,/app/[orgSlug]/catalogo/alergenos,CAT-022,página/painel a compor,obrigatório,obrigatório/adaptado à superfície,7,74,validado,"Biblioteca só de leitura: os catorze do Anexo II do Reg. (UE) 1169/2011 são lei, não configuração. REVOKE ALL + GRANT SELECT em allergens para bossaos_app — provado com INSERT que devolve permission denied.",
CAT-023,mapa original,Biblioteca de midia,Tus imágenes,Todos,Todos,E08,,/app/[orgSlug]/brands/[brandSlug]/catalog/media,/app/[orgSlug]/catalogo/media,CAT-023,página/painel a compor,obrigatório,obrigatório/adaptado à superfície,7,75,validado,"Tipo verificado nos BYTES, nunca na extensão nem no Content-Type. SVG recusado COM A RAZÃO — ""formato não suportado"" faz a pessoa renomear e tentar outra vez, que é o ataque por acidente. A coluna do texto alternativo mostra a ausência.",
CAT-024,mapa original,Traducao em lote,Traducción en lote,Todos,Todos,E08,,/app/[orgSlug]/brands/[brandSlug]/catalog/translations,/app/[orgSlug]/catalogo/traducoes,CAT-024,página/painel a compor,obrigatório,obrigatório/adaptado à superfície,7,76,validado,"QUATRO colunas: ""o original mudou"" conta à parte de ""sem tradução"". São trabalhos diferentes — um é comparar, o outro é escrever — e o obsoleto já está publicado e errado.",
CAT-025,mapa original,Publicacao e preview,Revisa antes de publicar,Todos,Todos,E08,,/app/[orgSlug]/brands/[brandSlug]/catalog/publish,/app/[orgSlug]/catalogo/menus/[menuId]/publicar,CAT-025,página/painel a compor,obrigatório,obrigatório/adaptado à superfície,7,77,validado,"Duas listas que não se misturam: o que muda (acrescentado/alterado/removido) e o que impede. Nada preenche nada — um produto sem preço fica bloqueado, não publicado a zero. A prévia passa pelo MESMO montarRevisao da publicação.",
CAT-026,mapa original,Historico de alteracoes,Historial del catálogo,Pro,Auditoria básica sempre; consulta avançada conforme plano,E08,E33,/app/[orgSlug]/brands/[brandSlug]/catalog/history,/app/[orgSlug]/catalogo/menus/[menuId]/historico,CAT-026,página/painel a compor,obrigatório,obrigatório/adaptado à superfície,7,78,validado,"Restaurar cria revisão NOVA e o número nunca recua; a linha diz de qual revisão veio. Uma história que se reescreve deixa de responder a ""o que estava publicado no dia 4"", que é a pergunta que se faz depois de uma reclamação.",D07
CAT-027,mapa original,Importacao/exportacao,Importa y exporta productos,Todos,Todos,E08,,/app/[orgSlug]/brands/[brandSlug]/catalog/import-export,/app/[orgSlug]/catalogo/importar,CAT-027,página/painel a compor,obrigatório,obrigatório/adaptado à superfície,8,79,validado,"A estratégia abre em ""só criar"" — não a mais útil, a que não destrói. A prévia fica no próprio ecrã (a matriz tem CAT-027 e mais nenhum) e diz por escrito que não escreveu nada. Erros por linha, com o número que se vê no Excel.",
CAT-028,mapa original,Duplicar cardapio,Copia un menú a otra unidad,Restaurant+,Restaurant+,E30,,/app/[orgSlug]/brands/[brandSlug]/catalog/duplicate,sim,CAT-028,página/painel a compor,obrigatório,obrigatório/adaptado à superfície,8,80,planejado,,
MENU-001,mapa original,Landing da carta,La Societat 1927,Starter,Starter,E09,,/r/[publicLocationSlug]/[locale]/menu,/r/[publicLocationSlug]/[locale]/menu,MENU-001,página/painel a compor,obrigatório,obrigatório/adaptado à superfície,8,81,validado,"A projecção pública por lista de permissão: SKU, custo e margem não existem do lado de cá porque nunca foram lidos. Fora de horas a carta CONTINUA — o que muda é o aviso. · validado 04/09: provar-publico.sh 0 falhas, 11 passos, 23 asserções, oito controlos negativos; e três ataques independentes do sénior ao detector de verbos (sem espaços, reexportação, satisfies) todos apanhados · MÓVEL MEDIDO (inspeccao/publico.spec.ts): 360/390/768/1280/1440 px, transbordo zero, nenhum elemento fora do ecrã, alvos de toque ≥ 44 px a 360 px, contraste WCAG, e os catorze alérgenos a caber. A primeira passagem apanhou a carta pública sem folha de estilos — o /r/ não tinha moldura.",
MENU-002,mapa original,Selecionar idioma,Tu idioma,Starter,Starter,E09,,/r/[publicLocationSlug]/[locale]/menu?view=language,/r/[publicLocationSlug]/[locale]/menu (ligações de idioma),MENU-002,variação de rota,obrigatório,obrigatório/adaptado à superfície,8,82,validado,"O idioma é uma LIGAÇÃO e não um formulário: funciona sem JavaScript e o endereço fica partilhável. Um QR impresso aponta para o mesmo sítio em qualquer idioma. · validado 04/09: provar-publico.sh 0 falhas, 11 passos, 23 asserções, oito controlos negativos; e três ataques independentes do sénior ao detector de verbos (sem espaços, reexportação, satisfies) todos apanhados · MÓVEL MEDIDO (inspeccao/publico.spec.ts): 360/390/768/1280/1440 px, transbordo zero, nenhum elemento fora do ecrã, alvos de toque ≥ 44 px a 360 px, contraste WCAG, e os catorze alérgenos a caber. A primeira passagem apanhou a carta pública sem folha de estilos — o /r/ não tinha moldura.",
MENU-003,mapa original,Lista/categoria,Para compartir,Starter,Starter,E09,,/r/[publicLocationSlug]/[locale]/menu?category=[categoryId],/r/[publicLocationSlug]/[locale]/menu?categoria=,MENU-003,variação de rota,obrigatório,obrigatório/adaptado à superfície,8,83,validado,"Filtro por ligação, no mesmo endereço. Categorias rolam na horizontal — uma carta com dezoito não pode empurrar os pratos para fora do ecrã. · validado 04/09: provar-publico.sh 0 falhas, 11 passos, 23 asserções, oito controlos negativos; e três ataques independentes do sénior ao detector de verbos (sem espaços, reexportação, satisfies) todos apanhados · MÓVEL MEDIDO (inspeccao/publico.spec.ts): 360/390/768/1280/1440 px, transbordo zero, nenhum elemento fora do ecrã, alvos de toque ≥ 44 px a 360 px, contraste WCAG, e os catorze alérgenos a caber. A primeira passagem apanhou a carta pública sem folha de estilos — o /r/ não tinha moldura.",
MENU-004,mapa original,Busca da carta,¿Qué te apetece?,Starter,Starter,E09,,/r/[publicLocationSlug]/[locale]/menu?q=[query],/r/[publicLocationSlug]/[locale]/menu?q=,MENU-004,variação de rota,obrigatório,obrigatório/adaptado à superfície,8,84,validado,"Busca por GET, sobre a projecção. Sem acentos e sem maiúsculas. NÃO procura no identificador, na chave da imagem nem na moeda — medido com controlo negativo. · validado 04/09: provar-publico.sh 0 falhas, 11 passos, 23 asserções, oito controlos negativos; e três ataques independentes do sénior ao detector de verbos (sem espaços, reexportação, satisfies) todos apanhados · MÓVEL MEDIDO (inspeccao/publico.spec.ts): 360/390/768/1280/1440 px, transbordo zero, nenhum elemento fora do ecrã, alvos de toque ≥ 44 px a 360 px, contraste WCAG, e os catorze alérgenos a caber. A primeira passagem apanhou a carta pública sem folha de estilos — o /r/ não tinha moldura.",
MENU-005,mapa original,Detalhe do produto,Croquetas caseras,Starter,Starter,E09,,/r/[publicLocationSlug]/[locale]/menu/products/[productId],/r/[publicLocationSlug]/[locale]/menu/produto/[produtoId],MENU-005,página/painel a compor,obrigatório,obrigatório/adaptado à superfície,8,85,validado,"Procura DENTRO da projecção e não na base: ir à base obrigava a repetir os filtros de publicação, canal e estado, e bastava esquecer um para o detalhe mostrar o que a lista esconde. Os catorze alérgenos, incluindo os DESCONHECIDOS. · validado 04/09: provar-publico.sh 0 falhas, 11 passos, 23 asserções, oito controlos negativos; e três ataques independentes do sénior ao detector de verbos (sem espaços, reexportação, satisfies) todos apanhados · MÓVEL MEDIDO (inspeccao/publico.spec.ts): 360/390/768/1280/1440 px, transbordo zero, nenhum elemento fora do ecrã, alvos de toque ≥ 44 px a 360 px, contraste WCAG, e os catorze alérgenos a caber. A primeira passagem apanhou a carta pública sem folha de estilos — o /r/ não tinha moldura.",
MENU-006,mapa original,Configurar produto,A tu gusto,Restaurant,Restaurant,E17,,/r/[publicLocationSlug]/[locale]/menu/products/[productId]?view=options,sim,MENU-006,variação de rota,obrigatório,obrigatório/adaptado à superfície,8,86,planejado,,
MENU-007,mapa original,Carrinho,Tu pedido,Restaurant,Restaurant,E17,,/r/[publicLocationSlug]/[locale]/menu/cart,sim,MENU-007,página/painel a compor,obrigatório,obrigatório/adaptado à superfície,8,87,planejado,,
MENU-008,mapa original,Revisar e enviar pedido,Todo listo para enviar,Restaurant,Restaurant,E17,,/r/[publicLocationSlug]/[locale]/menu/checkout,sim,MENU-008,página/painel a compor,obrigatório,obrigatório/adaptado à superfície,8,88,planejado,,
MENU-009,mapa original,Pedido enviado,Pedido recibido,Restaurant,Restaurant,E17,,/r/[publicLocationSlug]/[locale]/menu/orders/[publicOrderId]?view=sent,sim,MENU-009,estado de rota,obrigatório,obrigatório/adaptado à superfície,8,89,planejado,,
MENU-010,mapa original,Acompanhar pedido,Así va tu pedido,Restaurant,Restaurant,E17,,/r/[publicLocationSlug]/[locale]/menu/orders/[publicOrderId],sim,MENU-010,página/painel a compor,obrigatório,obrigatório/adaptado à superfície,8,90,planejado,,
MENU-011,mapa original,Historico da sessao da mesa,Esta visita,Restaurant,Restaurant,E17,,/r/[publicLocationSlug]/[locale]/menu/session,sim,MENU-011,página/painel a compor,obrigatório,obrigatório/adaptado à superfície,8,91,planejado,,
MENU-012,mapa original,Chamar garcom,¿Cómo podemos ayudarte?,Restaurant,Restaurant,E17,,/r/[publicLocationSlug]/[locale]/menu/service-request,sim,MENU-012,página/painel a compor,obrigatório,obrigatório/adaptado à superfície,8,92,planejado,,
MENU-013,mapa original,Solicitar conta,¿Traemos la cuenta?,Restaurant,Restaurant,E17,,/r/[publicLocationSlug]/[locale]/menu/bill-request,sim,MENU-013,diálogo/painel ou etapa do fluxo,obrigatório,obrigatório/adaptado à superfície,8,93,planejado,,
MENU-014,mapa original,Pagamento pelo celular,Paga desde tu mesa,Pro,Pro,E23,,/r/[publicLocationSlug]/[locale]/menu/pay,sim,MENU-014,página/painel a compor,obrigatório,obrigatório/adaptado à superfície,8,94,planejado,,
MENU-015,mapa original,Dividir conta,¿Cómo queréis dividir?,Pro,Pro,E23,,/r/[publicLocationSlug]/[locale]/menu/split,sim,MENU-015,página/painel a compor,obrigatório,obrigatório/adaptado à superfície,8,95,planejado,,
MENU-016,mapa original,Recibo/comprovante,Tu comprobante,Pro,Pro,E23,E24,/r/[publicLocationSlug]/[locale]/menu/receipt/[publicReceiptId],sim,MENU-016,página/painel a compor,obrigatório,obrigatório/adaptado à superfície,8,96,planejado,,
MENU-017,mapa original,Feedback pos-visita,¿Cómo fue tu visita?,Pro,Pro,E27,,/r/[publicLocationSlug]/[locale]/menu/feedback,sim,MENU-017,diálogo/painel ou etapa do fluxo,obrigatório,obrigatório/adaptado à superfície,8,97,planejado,,
MENU-018,mapa original,Mesa/QR invalido,Este QR ya no está activo,Restaurant,Restaurant,E17,,/r/[publicLocationSlug]/[locale]/menu?state=invalid-qr,sim,MENU-018,estado de rota,obrigatório,obrigatório/adaptado à superfície,8,98,planejado,,
MENU-019,mapa original,Restaurante fechado,Nos vemos en el próximo servicio,Starter,Starter,E09,,/r/[publicLocationSlug]/[locale]/menu?state=closed,/r/[publicLocationSlug]/[locale]/menu (estado fechado),MENU-019,estado de rota,obrigatório,obrigatório/adaptado à superfície,8,99,validado,"A carta continua consultável fora de horas, com o aviso e o horário. O fuso vem DENTRO do horário — é a decisão do E06, e é o que impede chamar o motor sem ele. · validado 04/09: provar-publico.sh 0 falhas, 11 passos, 23 asserções, oito controlos negativos; e três ataques independentes do sénior ao detector de verbos (sem espaços, reexportação, satisfies) todos apanhados · MÓVEL MEDIDO (inspeccao/publico.spec.ts): 360/390/768/1280/1440 px, transbordo zero, nenhum elemento fora do ecrã, alvos de toque ≥ 44 px a 360 px, contraste WCAG, e os catorze alérgenos a caber. A primeira passagem apanhou a carta pública sem folha de estilos — o /r/ não tinha moldura.",
MENU-020,mapa original,Item indisponivel durante carrinho,Un plato se ha agotado,Restaurant,Restaurant,E17,,/r/[publicLocationSlug]/[locale]/menu/cart?state=unavailable,sim,MENU-020,diálogo/painel ou etapa do fluxo,obrigatório,obrigatório/adaptado à superfície,8,100,planejado,,
QR-001,mapa original,Lista de QR codes,Tus códigos QR,Starter,Starter,E09,,/app/[orgSlug]/[locationSlug]/channels/qr,/app/[orgSlug]/[locationSlug]/channels/qr,QR-001,página/painel a compor,obrigatório,obrigatório/adaptado à superfície,9,101,validado,"QR real: codificador próprio com Reed-Solomon, máscaras e BCH. Não é ilustrativo. Sem endereço público não há QR — um código impresso que aponta para um endereço que vai mudar é papel para deitar fora. · validado 04/09: provar-publico.sh 0 falhas, 11 passos, 23 asserções, oito controlos negativos; e três ataques independentes do sénior ao detector de verbos (sem espaços, reexportação, satisfies) todos apanhados · ATENÇÃO 04/09: assinatura RETIRADA quanto à tela — os aceites funcionais estão provados contra a base, mas esta tela NUNCA foi renderizada num navegador. O arnês não autentica ainda. Ver docs/progress/DIVIDA-MOVEL.txt; bloqueante para o E11. · móvel medido a 04/09 pelo arnês com SESSÃO REAL, que era o que faltava: a pendência declarada no E09 era esta e nenhuma outra. Cinco larguras, transbordo, alvos de toque a 44 px e contraste. QR-001/003/004 vivem numa página só e cada um afirma o SEU bloco — medir a rota uma vez e dar os três por medidos era a medição que não aconteceu. Dois defeitos reais apanhados aqui: o QR de 320 px fixos esticava a página a 360, e `.bo-pagina` crescia com o conteúdo em vez de o conter. · inspeccao/painel.spec.ts · assinatura RESTAURADA 04/09: a tela foi finalmente renderizada e medida no navegador; a retirada de há três horas cai porque a medição existe agora",
QR-002,mapa original,Gerar QR de mesa,QR para una mesa,Restaurant,Restaurant,E17,,/app/[orgSlug]/[locationSlug]/channels/qr,família; compor na E00,QR-002,página/painel a compor,obrigatório,obrigatório/adaptado à superfície,9,102,planejado,,
QR-003,mapa original,Gerar QR geral,QR para compartir la carta,Starter,Starter,E09,,/app/[orgSlug]/[locationSlug]/channels/qr,/app/[orgSlug]/[locationSlug]/channels/qr,QR-003,página/painel a compor,obrigatório,obrigatório/adaptado à superfície,9,103,validado,"O endereço à vista por baixo do código: é a prova de que o QR não leva nada além disso. Nível Q, porque um código colado numa mesa apanha gordura e luz de lado. · validado 04/09: provar-publico.sh 0 falhas, 11 passos, 23 asserções, oito controlos negativos; e três ataques independentes do sénior ao detector de verbos (sem espaços, reexportação, satisfies) todos apanhados · ATENÇÃO 04/09: assinatura RETIRADA quanto à tela — os aceites funcionais estão provados contra a base, mas esta tela NUNCA foi renderizada num navegador. O arnês não autentica ainda. Ver docs/progress/DIVIDA-MOVEL.txt; bloqueante para o E11. · móvel medido a 04/09 pelo arnês com SESSÃO REAL, que era o que faltava: a pendência declarada no E09 era esta e nenhuma outra. Cinco larguras, transbordo, alvos de toque a 44 px e contraste. QR-001/003/004 vivem numa página só e cada um afirma o SEU bloco — medir a rota uma vez e dar os três por medidos era a medição que não aconteceu. Dois defeitos reais apanhados aqui: o QR de 320 px fixos esticava a página a 360, e `.bo-pagina` crescia com o conteúdo em vez de o conter. · inspeccao/painel.spec.ts · assinatura RESTAURADA 04/09: a tela foi finalmente renderizada e medida no navegador; a retirada de há três horas cai porque a medição existe agora",
QR-004,mapa original,Exportar QR,Listo para imprimir,Starter,Starter,E09,,/app/[orgSlug]/[locationSlug]/channels/qr,/api/org/[orgSlug]/unidades/[locationId]/qr.svg,QR-004,página/painel a compor,obrigatório,obrigatório/adaptado à superfície,9,104,validado,"SVG como ANEXO e não em linha — a mesma regra que o E08 aplica a ficheiros de terceiros, agora a um que somos nós a gerar. Margem de quatro módulos. Leitura em dois aparelhos: pendência DECLARADA, no ecrã. · validado 04/09: provar-publico.sh 0 falhas, 11 passos, 23 asserções, oito controlos negativos; e três ataques independentes do sénior ao detector de verbos (sem espaços, reexportação, satisfies) todos apanhados · ATENÇÃO 04/09: assinatura RETIRADA quanto à tela — os aceites funcionais estão provados contra a base, mas esta tela NUNCA foi renderizada num navegador. O arnês não autentica ainda. Ver docs/progress/DIVIDA-MOVEL.txt; bloqueante para o E11. · móvel medido a 04/09 pelo arnês com SESSÃO REAL, que era o que faltava: a pendência declarada no E09 era esta e nenhuma outra. Cinco larguras, transbordo, alvos de toque a 44 px e contraste. QR-001/003/004 vivem numa página só e cada um afirma o SEU bloco — medir a rota uma vez e dar os três por medidos era a medição que não aconteceu. Dois defeitos reais apanhados aqui: o QR de 320 px fixos esticava a página a 360, e `.bo-pagina` crescia com o conteúdo em vez de o conter. · inspeccao/painel.spec.ts · assinatura RESTAURADA 04/09: a tela foi finalmente renderizada e medida no navegador; a retirada de há três horas cai porque a medição existe agora",
QR-005,mapa original,Rotacionar/revogar token,Renovar el acceso de la mesa,Restaurant,Restaurant,E17,,/app/[orgSlug]/[locationSlug]/channels/qr,família; compor na E00,QR-005,diálogo/painel ou etapa do fluxo,obrigatório,obrigatório/adaptado à superfície,9,105,planejado,,
QR-006,mapa original,Sessoes ativas de mesa,Sesiones activas,Restaurant,Restaurant,E17,,/app/[orgSlug]/[locationSlug]/channels/qr,família; compor na E00,QR-006,página/painel a compor,obrigatório,obrigatório/adaptado à superfície,9,106,planejado,,
QR-007,mapa original,Detalhe da sessao,Sesión de la mesa 07,Restaurant,Restaurant,E17,,/app/[orgSlug]/[locationSlug]/channels/qr,família; compor na E00,QR-007,página/painel a compor,obrigatório,obrigatório/adaptado à superfície,9,107,planejado,,
CHAN-001,mapa original,Canais de venda,Tus canales conectados,Starter,Starter,E09,"E14,E20,E31",/app/[orgSlug]/[locationSlug]/channels,/app/[orgSlug]/[locationSlug]/channels,CHAN-001,página/painel a compor,obrigatório,obrigatório/adaptado à superfície,9,108,validado,"O endereço público é único no MUNDO; o slug interno continua por organização. A colisão é apanhada pelo índice da base e traduzida — não por consulta prévia, que duas pessoas no mesmo segundo leem ambas ""livre"". · validado 04/09: provar-publico.sh 0 falhas, 11 passos, 23 asserções, oito controlos negativos; e três ataques independentes do sénior ao detector de verbos (sem espaços, reexportação, satisfies) todos apanhados · ATENÇÃO 04/09: assinatura RETIRADA quanto à tela — os aceites funcionais estão provados contra a base, mas esta tela NUNCA foi renderizada num navegador. O arnês não autentica ainda. Ver docs/progress/DIVIDA-MOVEL.txt; bloqueante para o E11. · móvel medido a 04/09 pelo arnês com SESSÃO REAL, que era o que faltava: a pendência declarada no E09 era esta e nenhuma outra. Cinco larguras, transbordo, alvos de toque a 44 px e contraste. QR-001/003/004 vivem numa página só e cada um afirma o SEU bloco — medir a rota uma vez e dar os três por medidos era a medição que não aconteceu. Dois defeitos reais apanhados aqui: o QR de 320 px fixos esticava a página a 360, e `.bo-pagina` crescia com o conteúdo em vez de o conter. · inspeccao/painel.spec.ts · assinatura RESTAURADA 04/09: a tela foi finalmente renderizada e medida no navegador; a retirada de há três horas cai porque a medição existe agora",
CHAN-002,mapa original,Configuracao por canal,Configura el canal,Restaurant+,Restaurant+,E14,"E20,E31",/app/[orgSlug]/[locationSlug]/channels,família; compor na E00,CHAN-002,página/painel a compor,obrigatório,obrigatório/adaptado à superfície,9,109,planejado,,
WEB-001,mapa original,Configuracao geral do site,Tu web de restaurante,Starter,Starter,E10,,/app/[orgSlug]/[locationSlug]/website,família; compor na E00,WEB-001,página/painel a compor,obrigatório,obrigatório/adaptado à superfície,9,110,validado,"Gestão do site do restaurante. Guardar escreve no RASCUNHO e não toca na revisão publicada: são dois armazenamentos, e o aceite 1 é uma consequência da forma. móvel medido no navegador a 360, 390, 768, 1280 e 1440 px: transbordo horizontal, elementos fora do ecrã, alvos de toque a 44 px e contraste WCAG. Toda a visita afirma o endereço final e um marcador da própria tela. · inspeccao/painel.spec.ts, com sessão real emitida pela biblioteca de autenticação · provas provar-sites.sh a 0 falhas com 7 controlos negativos · VALIDADO 04/09 pelo sénior: provar-sites.sh 0 falhas, 11 passos, 8 controlos negativos — o catch largo, a regra preguiçosa e a porta que serve sem prova de controlo; e 254 casos de navegador corridos pelo revisor, não declarados",
WEB-002,mapa original,Paginas do site,Páginas de tu web,Starter,Starter,E10,,/app/[orgSlug]/[locationSlug]/website,família; compor na E00,WEB-002,página/painel a compor,obrigatório,obrigatório/adaptado à superfície,9,111,validado,"Gestão do site do restaurante. Guardar escreve no RASCUNHO e não toca na revisão publicada: são dois armazenamentos, e o aceite 1 é uma consequência da forma. móvel medido no navegador a 360, 390, 768, 1280 e 1440 px: transbordo horizontal, elementos fora do ecrã, alvos de toque a 44 px e contraste WCAG. Toda a visita afirma o endereço final e um marcador da própria tela. · inspeccao/painel.spec.ts, com sessão real emitida pela biblioteca de autenticação · provas provar-sites.sh a 0 falhas com 7 controlos negativos · VALIDADO 04/09 pelo sénior: provar-sites.sh 0 falhas, 11 passos, 8 controlos negativos — o catch largo, a regra preguiçosa e a porta que serve sem prova de controlo; e 254 casos de navegador corridos pelo revisor, não declarados",
WEB-003,mapa original,Conteudo Inicio,Edita la portada,Starter,Starter,E10,,/app/[orgSlug]/[locationSlug]/website,família; compor na E00,WEB-003,página/painel a compor,obrigatório,obrigatório/adaptado à superfície,9,112,validado,"Gestão do site do restaurante. Guardar escreve no RASCUNHO e não toca na revisão publicada: são dois armazenamentos, e o aceite 1 é uma consequência da forma. móvel medido no navegador a 360, 390, 768, 1280 e 1440 px: transbordo horizontal, elementos fora do ecrã, alvos de toque a 44 px e contraste WCAG. Toda a visita afirma o endereço final e um marcador da própria tela. · inspeccao/painel.spec.ts, com sessão real emitida pela biblioteca de autenticação · provas provar-sites.sh a 0 falhas com 7 controlos negativos · VALIDADO 04/09 pelo sénior: provar-sites.sh 0 falhas, 11 passos, 8 controlos negativos — o catch largo, a regra preguiçosa e a porta que serve sem prova de controlo; e 254 casos de navegador corridos pelo revisor, não declarados",
WEB-004,mapa original,Conteudo Sobre,La historia del restaurante,Starter,Starter,E10,,/app/[orgSlug]/[locationSlug]/website,família; compor na E00,WEB-004,página/painel a compor,obrigatório,obrigatório/adaptado à superfície,9,113,validado,"Gestão do site do restaurante. Guardar escreve no RASCUNHO e não toca na revisão publicada: são dois armazenamentos, e o aceite 1 é uma consequência da forma. móvel medido no navegador a 360, 390, 768, 1280 e 1440 px: transbordo horizontal, elementos fora do ecrã, alvos de toque a 44 px e contraste WCAG. Toda a visita afirma o endereço final e um marcador da própria tela. · inspeccao/painel.spec.ts, com sessão real emitida pela biblioteca de autenticação · provas provar-sites.sh a 0 falhas com 7 controlos negativos · VALIDADO 04/09 pelo sénior: provar-sites.sh 0 falhas, 11 passos, 8 controlos negativos — o catch largo, a regra preguiçosa e a porta que serve sem prova de controlo; e 254 casos de navegador corridos pelo revisor, não declarados",
WEB-005,mapa original,Conteudo Contato/Localizacao,Cómo encontrarnos,Starter,Starter,E10,,/app/[orgSlug]/[locationSlug]/website,família; compor na E00,WEB-005,página/painel a compor,obrigatório,obrigatório/adaptado à superfície,9,114,validado,"Gestão do site do restaurante. Guardar escreve no RASCUNHO e não toca na revisão publicada: são dois armazenamentos, e o aceite 1 é uma consequência da forma. móvel medido no navegador a 360, 390, 768, 1280 e 1440 px: transbordo horizontal, elementos fora do ecrã, alvos de toque a 44 px e contraste WCAG. Toda a visita afirma o endereço final e um marcador da própria tela. · inspeccao/painel.spec.ts, com sessão real emitida pela biblioteca de autenticação · provas provar-sites.sh a 0 falhas com 7 controlos negativos · VALIDADO 04/09 pelo sénior: provar-sites.sh 0 falhas, 11 passos, 8 controlos negativos — o catch largo, a regra preguiçosa e a porta que serve sem prova de controlo; e 254 casos de navegador corridos pelo revisor, não declarados",
WEB-006,mapa original,Conteudo Eventos/Novidades,Novedades y eventos,Starter,Starter,E10,,/app/[orgSlug]/[locationSlug]/website,família; compor na E00,WEB-006,página/painel a compor,obrigatório,obrigatório/adaptado à superfície,9,115,validado,"Gestão do site do restaurante. Guardar escreve no RASCUNHO e não toca na revisão publicada: são dois armazenamentos, e o aceite 1 é uma consequência da forma. móvel medido no navegador a 360, 390, 768, 1280 e 1440 px: transbordo horizontal, elementos fora do ecrã, alvos de toque a 44 px e contraste WCAG. Toda a visita afirma o endereço final e um marcador da própria tela. · inspeccao/painel.spec.ts, com sessão real emitida pela biblioteca de autenticação · provas provar-sites.sh a 0 falhas com 7 controlos negativos · VALIDADO 04/09 pelo sénior: provar-sites.sh 0 falhas, 11 passos, 8 controlos negativos — o catch largo, a regra preguiçosa e a porta que serve sem prova de controlo; e 254 casos de navegador corridos pelo revisor, não declarados",
WEB-007,mapa original,Links sociais,Tus enlaces sociales,Starter,Starter,E10,,/app/[orgSlug]/[locationSlug]/website,família; compor na E00,WEB-007,página/painel a compor,obrigatório,obrigatório/adaptado à superfície,9,116,validado,"Gestão do site do restaurante. Guardar escreve no RASCUNHO e não toca na revisão publicada: são dois armazenamentos, e o aceite 1 é uma consequência da forma. móvel medido no navegador a 360, 390, 768, 1280 e 1440 px: transbordo horizontal, elementos fora do ecrã, alvos de toque a 44 px e contraste WCAG. Toda a visita afirma o endereço final e um marcador da própria tela. · inspeccao/painel.spec.ts, com sessão real emitida pela biblioteca de autenticação · provas provar-sites.sh a 0 falhas com 7 controlos negativos · VALIDADO 04/09 pelo sénior: provar-sites.sh 0 falhas, 11 passos, 8 controlos negativos — o catch largo, a regra preguiçosa e a porta que serve sem prova de controlo; e 254 casos de navegador corridos pelo revisor, não declarados",
WEB-008,mapa original,SEO basico,Cómo aparece en buscadores,Starter,Starter,E10,,/app/[orgSlug]/[locationSlug]/website,família; compor na E00,WEB-008,página/painel a compor,obrigatório,obrigatório/adaptado à superfície,9,117,validado,"Gestão do site do restaurante. Guardar escreve no RASCUNHO e não toca na revisão publicada: são dois armazenamentos, e o aceite 1 é uma consequência da forma. móvel medido no navegador a 360, 390, 768, 1280 e 1440 px: transbordo horizontal, elementos fora do ecrã, alvos de toque a 44 px e contraste WCAG. Toda a visita afirma o endereço final e um marcador da própria tela. · inspeccao/painel.spec.ts, com sessão real emitida pela biblioteca de autenticação · provas provar-sites.sh a 0 falhas com 7 controlos negativos · VALIDADO 04/09 pelo sénior: provar-sites.sh 0 falhas, 11 passos, 8 controlos negativos — o catch largo, a regra preguiçosa e a porta que serve sem prova de controlo; e 254 casos de navegador corridos pelo revisor, não declarados",
WEB-009,mapa original,Dominio personalizado,Conecta tu dominio,Starter,Starter,E10,,/app/[orgSlug]/[locationSlug]/website,família; compor na E00,WEB-009,página/painel a compor,obrigatório,obrigatório/adaptado à superfície,9,118,validado,"Gestão do site do restaurante. Guardar escreve no RASCUNHO e não toca na revisão publicada: são dois armazenamentos, e o aceite 1 é uma consequência da forma. móvel medido no navegador a 360, 390, 768, 1280 e 1440 px: transbordo horizontal, elementos fora do ecrã, alvos de toque a 44 px e contraste WCAG. Toda a visita afirma o endereço final e um marcador da própria tela. · inspeccao/painel.spec.ts, com sessão real emitida pela biblioteca de autenticação · provas provar-sites.sh a 0 falhas com 7 controlos negativos · VALIDADO 04/09 pelo sénior: provar-sites.sh 0 falhas, 11 passos, 8 controlos negativos — o catch largo, a regra preguiçosa e a porta que serve sem prova de controlo; e 254 casos de navegador corridos pelo revisor, não declarados",
WEB-010,mapa original,Preview do site,Vista previa del sitio,Starter,Starter,E10,,/app/[orgSlug]/[locationSlug]/website,família; compor na E00,WEB-010,página/painel a compor,obrigatório,obrigatório/adaptado à superfície,9,119,validado,"Gestão do site do restaurante. Guardar escreve no RASCUNHO e não toca na revisão publicada: são dois armazenamentos, e o aceite 1 é uma consequência da forma. móvel medido no navegador a 360, 390, 768, 1280 e 1440 px: transbordo horizontal, elementos fora do ecrã, alvos de toque a 44 px e contraste WCAG. Toda a visita afirma o endereço final e um marcador da própria tela. · inspeccao/painel.spec.ts, com sessão real emitida pela biblioteca de autenticação · provas provar-sites.sh a 0 falhas com 7 controlos negativos · VALIDADO 04/09 pelo sénior: provar-sites.sh 0 falhas, 11 passos, 8 controlos negativos — o catch largo, a regra preguiçosa e a porta que serve sem prova de controlo; e 254 casos de navegador corridos pelo revisor, não declarados",
WEB-011,mapa original,Publicacao do site,Publica tu web,Starter,Starter,E10,,/app/[orgSlug]/[locationSlug]/website,família; compor na E00,WEB-011,página/painel a compor,obrigatório,obrigatório/adaptado à superfície,9,120,validado,"Gestão do site do restaurante. Guardar escreve no RASCUNHO e não toca na revisão publicada: são dois armazenamentos, e o aceite 1 é uma consequência da forma. móvel medido no navegador a 360, 390, 768, 1280 e 1440 px: transbordo horizontal, elementos fora do ecrã, alvos de toque a 44 px e contraste WCAG. Toda a visita afirma o endereço final e um marcador da própria tela. · inspeccao/painel.spec.ts, com sessão real emitida pela biblioteca de autenticação · provas provar-sites.sh a 0 falhas com 7 controlos negativos · VALIDADO 04/09 pelo sénior: provar-sites.sh 0 falhas, 11 passos, 8 controlos negativos — o catch largo, a regra preguiçosa e a porta que serve sem prova de controlo; e 254 casos de navegador corridos pelo revisor, não declarados",
PUB-001,mapa original,Home publica,La Societat 1927,Starter,Starter,E10,,/r/[publicLocationSlug]/[locale],sim,PUB-001,página/painel a compor,obrigatório,obrigatório/adaptado à superfície,9,121,validado,"Site público do restaurante, servido pela porta publico_site — só o que está publicado, e sem por onde pedir o rascunho. O formulário de contacto guarda uma vez pela restrição única da base, e uma falha real NÃO mostra sucesso: só há um caminho para o ecrã de obrigado e ele passa pela gravação. móvel medido no navegador a 360, 390, 768, 1280 e 1440 px: transbordo horizontal, elementos fora do ecrã, alvos de toque a 44 px e contraste WCAG. Toda a visita afirma o endereço final e um marcador da própria tela. · inspeccao/sites-publicos.spec.ts · VALIDADO 04/09 pelo sénior: provar-sites.sh 0 falhas, 11 passos, 8 controlos negativos — o catch largo, a regra preguiçosa e a porta que serve sem prova de controlo; e 254 casos de navegador corridos pelo revisor, não declarados",
PUB-002,mapa original,Pagina Carta,Nuestra carta,Starter,Starter,E10,,/r/[publicLocationSlug]/[locale]/menu,sim,PUB-002,página/painel a compor,obrigatório,obrigatório/adaptado à superfície,9,122,validado,"A carta pública do E09, agora também alcançável pela navegação do site. móvel medido no navegador a 360, 390, 768, 1280 e 1440 px: transbordo horizontal, elementos fora do ecrã, alvos de toque a 44 px e contraste WCAG. Toda a visita afirma o endereço final e um marcador da própria tela. · inspeccao/publico.spec.ts · VALIDADO 04/09 pelo sénior: provar-sites.sh 0 falhas, 11 passos, 8 controlos negativos — o catch largo, a regra preguiçosa e a porta que serve sem prova de controlo; e 254 casos de navegador corridos pelo revisor, não declarados",
PUB-003,mapa original,Pagina Reservar,Reserva tu mesa,Restaurant,Restaurant,E19,,/r/[publicLocationSlug]/[locale]/reserve,sim,PUB-003,página/painel a compor,obrigatório,obrigatório/adaptado à superfície,9,123,planejado,,
PUB-004,mapa original,Pagina Sobre,Una mesa para encontrarnos,Starter,Starter,E10,,/r/[publicLocationSlug]/[locale]/about,sim,PUB-004,página/painel a compor,obrigatório,obrigatório/adaptado à superfície,9,124,validado,"Site público do restaurante, servido pela porta publico_site — só o que está publicado, e sem por onde pedir o rascunho. O formulário de contacto guarda uma vez pela restrição única da base, e uma falha real NÃO mostra sucesso: só há um caminho para o ecrã de obrigado e ele passa pela gravação. móvel medido no navegador a 360, 390, 768, 1280 e 1440 px: transbordo horizontal, elementos fora do ecrã, alvos de toque a 44 px e contraste WCAG. Toda a visita afirma o endereço final e um marcador da própria tela. · inspeccao/sites-publicos.spec.ts · VALIDADO 04/09 pelo sénior: provar-sites.sh 0 falhas, 11 passos, 8 controlos negativos — o catch largo, a regra preguiçosa e a porta que serve sem prova de controlo; e 254 casos de navegador corridos pelo revisor, não declarados",
PUB-005,mapa original,Pagina Contato,Te esperamos en Oropesa,Starter,Starter,E10,,/r/[publicLocationSlug]/[locale]/contact,sim,PUB-005,página/painel a compor,obrigatório,obrigatório/adaptado à superfície,10,125,validado,"Site público do restaurante, servido pela porta publico_site — só o que está publicado, e sem por onde pedir o rascunho. O formulário de contacto guarda uma vez pela restrição única da base, e uma falha real NÃO mostra sucesso: só há um caminho para o ecrã de obrigado e ele passa pela gravação. móvel medido no navegador a 360, 390, 768, 1280 e 1440 px: transbordo horizontal, elementos fora do ecrã, alvos de toque a 44 px e contraste WCAG. Toda a visita afirma o endereço final e um marcador da própria tela. · inspeccao/sites-publicos.spec.ts · VALIDADO 04/09 pelo sénior: provar-sites.sh 0 falhas, 11 passos, 8 controlos negativos — o catch largo, a regra preguiçosa e a porta que serve sem prova de controlo; e 254 casos de navegador corridos pelo revisor, não declarados",
PUB-006,mapa original,Pagina Evento/Novidade,Una noche para compartir,Starter,Starter,E10,,/r/[publicLocationSlug]/[locale]/news/[postSlug],sim,PUB-006,página/painel a compor,obrigatório,obrigatório/adaptado à superfície,10,126,validado,"Site público do restaurante, servido pela porta publico_site — só o que está publicado, e sem por onde pedir o rascunho. O formulário de contacto guarda uma vez pela restrição única da base, e uma falha real NÃO mostra sucesso: só há um caminho para o ecrã de obrigado e ele passa pela gravação. móvel medido no navegador a 360, 390, 768, 1280 e 1440 px: transbordo horizontal, elementos fora do ecrã, alvos de toque a 44 px e contraste WCAG. Toda a visita afirma o endereço final e um marcador da própria tela. · inspeccao/sites-publicos.spec.ts · VALIDADO 04/09 pelo sénior: provar-sites.sh 0 falhas, 11 passos, 8 controlos negativos — o catch largo, a regra preguiçosa e a porta que serve sem prova de controlo; e 254 casos de navegador corridos pelo revisor, não declarados",
RES-C-001,mapa original,Inicio da reserva,Reserva tu mesa,Restaurant,Restaurant,E19,,/r/[publicLocationSlug]/[locale]/reserve,família; compor na E00,RES-C-001,página/painel a compor,obrigatório,obrigatório/adaptado à superfície,10,127,planejado,,
RES-C-002,mapa original,Horarios disponiveis,Elige tu hora,Restaurant,Restaurant,E19,,/r/[publicLocationSlug]/[locale]/reserve,família; compor na E00,RES-C-002,diálogo/painel ou etapa do fluxo,obrigatório,obrigatório/adaptado à superfície,10,128,planejado,,
RES-C-003,mapa original,Dados do cliente,¿A nombre de quién?,Restaurant,Restaurant,E19,,/r/[publicLocationSlug]/[locale]/reserve,família; compor na E00,RES-C-003,página/painel a compor,obrigatório,obrigatório/adaptado à superfície,10,129,planejado,,
RES-C-004,mapa original,Preferencias da reserva,Cuéntanos qué necesitas,Restaurant,Restaurant,E19,,/r/[publicLocationSlug]/[locale]/reserve,família; compor na E00,RES-C-004,página/painel a compor,obrigatório,obrigatório/adaptado à superfície,10,130,planejado,,
RES-C-005,mapa original,Revisar reserva,Revisa tu reserva,Restaurant,Restaurant,E19,,/r/[publicLocationSlug]/[locale]/reserve,família; compor na E00,RES-C-005,página/painel a compor,obrigatório,obrigatório/adaptado à superfície,10,131,planejado,,
RES-C-006,mapa original,Reserva confirmada,¡Mesa reservada!,Restaurant,Restaurant,E19,,/r/[publicLocationSlug]/[locale]/reserve,família; compor na E00,RES-C-006,estado de rota,obrigatório,obrigatório/adaptado à superfície,10,132,planejado,,
RES-C-007,mapa original,Gerir reserva,Tu reserva,Restaurant,Restaurant,E19,,/r/[publicLocationSlug]/[locale]/reserve,família; compor na E00,RES-C-007,página/painel a compor,obrigatório,obrigatório/adaptado à superfície,10,133,planejado,,
RES-C-008,mapa original,Reserva sem disponibilidade,No hay mesa a esa hora,Restaurant,Restaurant,E19,,/r/[publicLocationSlug]/[locale]/reserve,família; compor na E00,RES-C-008,estado de rota,obrigatório,obrigatório/adaptado à superfície,10,134,planejado,,
RES-C-009,mapa original,Entrar na waitlist,Avísanos cuando haya sitio,Restaurant,Restaurant,E19,,/r/[publicLocationSlug]/[locale]/reserve,família; compor na E00,RES-C-009,página/painel a compor,obrigatório,obrigatório/adaptado à superfície,10,135,planejado,,
RES-C-010,mapa original,Status da waitlist,"Tu espera, a la vista",Restaurant,Restaurant,E19,,/r/[publicLocationSlug]/[locale]/reserve,família; compor na E00,RES-C-010,estado de rota,obrigatório,obrigatório/adaptado à superfície,10,136,planejado,,
RES-B-001,mapa original,Agenda do dia,Reservas de hoy,Restaurant,Restaurant,E19,,/app/[orgSlug]/[locationSlug]/reservations,família; compor na E00,RES-B-001,página/painel a compor,obrigatório,obrigatório/adaptado à superfície,10,137,planejado,,
RES-B-002,mapa original,Calendario,Calendario de reservas,Restaurant,Restaurant,E19,,/app/[orgSlug]/[locationSlug]/reservations,família; compor na E00,RES-B-002,página/painel a compor,obrigatório,obrigatório/adaptado à superfície,10,138,planejado,,
RES-B-003,mapa original,Timeline por horario,La ocupación por hora,Restaurant,Restaurant,E19,,/app/[orgSlug]/[locationSlug]/reservations,família; compor na E00,RES-B-003,página/painel a compor,obrigatório,obrigatório/adaptado à superfície,10,139,planejado,,
RES-B-004,mapa original,Detalhe da reserva,Reserva R-0821,Restaurant,Restaurant,E19,,/app/[orgSlug]/[locationSlug]/reservations,família; compor na E00,RES-B-004,página/painel a compor,obrigatório,obrigatório/adaptado à superfície,10,140,planejado,,
RES-B-005,mapa original,Criar reserva manual,Nueva reserva,Restaurant,Restaurant,E19,,/app/[orgSlug]/[locationSlug]/reservations,família; compor na E00,RES-B-005,página/painel a compor,obrigatório,obrigatório/adaptado à superfície,10,141,planejado,,
RES-B-006,mapa original,Editar/mover reserva,Cambia la reserva,Restaurant,Restaurant,E19,,/app/[orgSlug]/[locationSlug]/reservations,família; compor na E00,RES-B-006,página/painel a compor,obrigatório,obrigatório/adaptado à superfície,10,142,planejado,,
RES-B-007,mapa original,Check-in,El grupo ha llegado,Restaurant,Restaurant,E19,,/app/[orgSlug]/[locationSlug]/reservations,família; compor na E00,RES-B-007,diálogo/painel ou etapa do fluxo,obrigatório,obrigatório/adaptado à superfície,10,143,planejado,,
RES-B-008,mapa original,Waitlist operacional,Lista de espera,Restaurant,Restaurant,E19,,/app/[orgSlug]/[locationSlug]/reservations,família; compor na E00,RES-B-008,página/painel a compor,obrigatório,obrigatório/adaptado à superfície,10,144,planejado,,
RES-B-009,mapa original,Novo walk-in,Un grupo sin reserva,Restaurant,Restaurant,E19,,/app/[orgSlug]/[locationSlug]/reservations,família; compor na E00,RES-B-009,página/painel a compor,obrigatório,obrigatório/adaptado à superfície,10,145,planejado,,
RES-B-010,mapa original,Mapa de mesas do host,El salón a la vista,Restaurant,Restaurant,E19,,/app/[orgSlug]/[locationSlug]/reservations,família; compor na E00,RES-B-010,página/painel a compor,obrigatório,obrigatório/adaptado à superfície,10,146,planejado,,
RES-B-011,mapa original,Alocar/realocar mesa,Encuentra la mesa adecuada,Restaurant,Restaurant,E19,,/app/[orgSlug]/[locationSlug]/reservations,família; compor na E00,RES-B-011,página/painel a compor,obrigatório,obrigatório/adaptado à superfície,10,147,planejado,,
RES-B-012,mapa original,Regras de disponibilidade,Cuándo aceptar reservas,Restaurant,Restaurant,E18,,/app/[orgSlug]/[locationSlug]/reservations,família; compor na E00,RES-B-012,página/painel a compor,obrigatório,obrigatório/adaptado à superfície,10,148,planejado,,
RES-B-013,mapa original,Capacidade por zona,Capacidad por zona,Restaurant,Restaurant,E18,,/app/[orgSlug]/[locationSlug]/reservations,família; compor na E00,RES-B-013,página/painel a compor,obrigatório,obrigatório/adaptado à superfície,10,149,planejado,,
RES-B-014,mapa original,Turnos de reserva,Turnos de reserva,Restaurant,Restaurant,E18,,/app/[orgSlug]/[locationSlug]/reservations,família; compor na E00,RES-B-014,página/painel a compor,obrigatório,obrigatório/adaptado à superfície,10,150,planejado,,
RES-B-015,mapa original,Bloqueios/excecoes,Bloqueos especiales,Restaurant,Restaurant,E18,,/app/[orgSlug]/[locationSlug]/reservations,família; compor na E00,RES-B-015,página/painel a compor,obrigatório,obrigatório/adaptado à superfície,11,151,planejado,,
RES-B-016,mapa original,Politicas de reserva,Política de reservas,Restaurant,Restaurant,E18,,/app/[orgSlug]/[locationSlug]/reservations,família; compor na E00,RES-B-016,página/painel a compor,obrigatório,obrigatório/adaptado à superfície,11,152,planejado,,
RES-B-017,mapa original,Templates de mensagens,Mensajes de reservas,Restaurant,Restaurant,E19,,/app/[orgSlug]/[locationSlug]/reservations,família; compor na E00,RES-B-017,página/painel a compor,obrigatório,obrigatório/adaptado à superfície,11,153,planejado,,
RES-B-018,mapa original,Historico de mensagens,Mensajes enviados,Restaurant,Restaurant,E19,,/app/[orgSlug]/[locationSlug]/reservations,família; compor na E00,RES-B-018,página/painel a compor,obrigatório,obrigatório/adaptado à superfície,11,154,planejado,,
RES-B-019,mapa original,Relatorio de reservas,Reservas en cifras,Restaurant,Restaurant,E19,,/app/[orgSlug]/[locationSlug]/reservations,família; compor na E00,RES-B-019,página/painel a compor,obrigatório,obrigatório/adaptado à superfície,11,155,planejado,,
FLOOR-001,mapa original,Areas/zonas,Zonas del restaurante,Restaurant,Restaurant,E13,,/app/[orgSlug]/[locationSlug]/floor,família; compor na E00,FLOOR-001,página/painel a compor,obrigatório,obrigatório/adaptado à superfície,11,156,planejado,,
FLOOR-002,mapa original,Lista de mesas,Todas tus mesas,Restaurant,Restaurant,E13,,/app/[orgSlug]/[locationSlug]/floor,família; compor na E00,FLOOR-002,página/painel a compor,obrigatório,obrigatório/adaptado à superfície,11,157,planejado,,
FLOOR-003,mapa original,Editar mesa,Edita la mesa 07,Restaurant,Restaurant,E13,,/app/[orgSlug]/[locationSlug]/floor,família; compor na E00,FLOOR-003,página/painel a compor,obrigatório,obrigatório/adaptado à superfície,11,158,planejado,,
FLOOR-004,mapa original,Mapa logico de mesas,Organiza el espacio,Restaurant,Restaurant,E13,,/app/[orgSlug]/[locationSlug]/floor,família; compor na E00,FLOOR-004,página/painel a compor,obrigatório,obrigatório/adaptado à superfície,11,159,planejado,,
FLOOR-005,mapa original,Combinar mesas,Combinaciones de mesas,Restaurant,Restaurant,E13,,/app/[orgSlug]/[locationSlug]/floor,família; compor na E00,FLOOR-005,página/painel a compor,obrigatório,obrigatório/adaptado à superfície,11,160,planejado,,
FLOOR-006,mapa original,Status ao vivo,Mesas en tiempo real,Restaurant,Restaurant,E13,"E15,E19",/app/[orgSlug]/[locationSlug]/floor,família; compor na E00,FLOOR-006,página/painel a compor,obrigatório,obrigatório/adaptado à superfície,11,161,planejado,,
FLOOR-007,mapa original,Abrir mesa,Abre una nueva mesa,Restaurant,Restaurant,E13,,/app/[orgSlug]/[locationSlug]/floor,família; compor na E00,FLOOR-007,página/painel a compor,obrigatório,obrigatório/adaptado à superfície,11,162,planejado,,
FLOOR-008,mapa original,Detalhe da mesa ativa,Mesa 07 · Terraza,Restaurant,Restaurant,E13,"E14,E15,E22",/app/[orgSlug]/[locationSlug]/floor,família; compor na E00,FLOOR-008,página/painel a compor,obrigatório,obrigatório/adaptado à superfície,11,163,planejado,,
FLOOR-009,mapa original,Transferir mesa,Traslada la mesa,Restaurant,Restaurant,E13,,/app/[orgSlug]/[locationSlug]/floor,família; compor na E00,FLOOR-009,página/painel a compor,obrigatório,obrigatório/adaptado à superfície,11,164,planejado,,
FLOOR-010,mapa original,Juntar/separar mesas,Junta o separa cuentas,Pro,Pro,E22,,/app/[orgSlug]/[locationSlug]/floor,família; compor na E00,FLOOR-010,página/painel a compor,obrigatório,obrigatório/adaptado à superfície,11,165,planejado,,
FLOOR-011,mapa original,Encerrar mesa,Termina el servicio de la mesa,Restaurant,Restaurant,E13,"E15,E22",/app/[orgSlug]/[locationSlug]/floor,família; compor na E00,FLOOR-011,diálogo/painel ou etapa do fluxo,obrigatório,obrigatório/adaptado à superfície,11,166,planejado,,D08; encerrar serviço difere de liquidar conta
STAFF-001,mapa original,Home do turno,"Tu turno, a la vista",Restaurant,Restaurant,E15,,/staff/[locationId],família; compor na E00,STAFF-001,página/painel a compor,obrigatório,obrigatório/adaptado à superfície,11,167,planejado,,
STAFF-002,mapa original,Selecionar area,¿En qué zona estás?,Restaurant,Restaurant,E15,,/staff/[locationId],família; compor na E00,STAFF-002,página/painel a compor,obrigatório,obrigatório/adaptado à superfície,11,168,planejado,,
STAFF-003,mapa original,Mapa/lista de mesas,Tus mesas,Restaurant,Restaurant,E15,,/staff/[locationId],família; compor na E00,STAFF-003,página/painel a compor,obrigatório,obrigatório/adaptado à superfície,11,169,planejado,,
STAFF-004,mapa original,Abrir mesa/pax,Nueva mesa,Restaurant,Restaurant,E15,,/staff/[locationId],família; compor na E00,STAFF-004,página/painel a compor,obrigatório,obrigatório/adaptado à superfície,11,170,planejado,,
STAFF-005,mapa original,Mesa ativa,Mesa 07,Restaurant,Restaurant,E15,,/staff/[locationId],família; compor na E00,STAFF-005,página/painel a compor,obrigatório,obrigatório/adaptado à superfície,11,171,planejado,,
STAFF-006,mapa original,Adicionar produtos,¿Qué vamos a servir?,Restaurant,Restaurant,E15,,/staff/[locationId],família; compor na E00,STAFF-006,página/painel a compor,obrigatório,obrigatório/adaptado à superfície,12,172,planejado,,
STAFF-007,mapa original,Configurar item,Prepara el detalle del plato,Restaurant,Restaurant,E15,,/staff/[locationId],família; compor na E00,STAFF-007,página/painel a compor,obrigatório,obrigatório/adaptado à superfície,12,173,planejado,,
STAFF-008,mapa original,Revisar comanda,Revisa antes de enviar,Restaurant,Restaurant,E15,,/staff/[locationId],família; compor na E00,STAFF-008,página/painel a compor,obrigatório,obrigatório/adaptado à superfície,12,174,planejado,,
STAFF-009,mapa original,Enviar para producao,Cada artículo a su estación,Restaurant,Restaurant,E15,,/staff/[locationId],família; compor na E00,STAFF-009,página/painel a compor,obrigatório,obrigatório/adaptado à superfície,12,175,planejado,,
STAFF-010,mapa original,Itens enviados,Pedido en marcha,Restaurant,Restaurant,E15,,/staff/[locationId],família; compor na E00,STAFF-010,página/painel a compor,obrigatório,obrigatório/adaptado à superfície,12,176,planejado,,
STAFF-011,mapa original,Cursos/tempos,Sirve por tiempos,Restaurant,Restaurant,E15,,/staff/[locationId],família; compor na E00,STAFF-011,página/painel a compor,obrigatório,obrigatório/adaptado à superfície,12,177,planejado,,
STAFF-012,mapa original,Notificacoes de pronto,Listo para llevar a la mesa,Restaurant,Restaurant,E15,,/staff/[locationId],família; compor na E00,STAFF-012,página/painel a compor,obrigatório,obrigatório/adaptado à superfície,12,178,planejado,,
STAFF-013,mapa original,Solicitacoes do cliente,El cliente necesita algo,Restaurant,Restaurant,E15,,/staff/[locationId],família; compor na E00,STAFF-013,página/painel a compor,obrigatório,obrigatório/adaptado à superfície,12,179,planejado,,
STAFF-014,mapa original,Mover/transferir mesa,Cambia de mesa,Restaurant,Restaurant,E15,,/staff/[locationId],família; compor na E00,STAFF-014,página/painel a compor,obrigatório,obrigatório/adaptado à superfície,12,180,planejado,,
STAFF-015,mapa original,Transferir itens,Mueve artículos de cuenta,Pro,Pro,E22,,/staff/[locationId],família; compor na E00,STAFF-015,página/painel a compor,obrigatório,obrigatório/adaptado à superfície,12,181,planejado,,
STAFF-016,mapa original,Desconto/cortesia,Solicita un descuento,Pro,Pro,E22,,/staff/[locationId],família; compor na E00,STAFF-016,página/painel a compor,obrigatório,obrigatório/adaptado à superfície,12,182,planejado,,
STAFF-017,mapa original,Cancelar item,Cancela un artículo,Restaurant,Restaurant,E15,,/staff/[locationId],família; compor na E00,STAFF-017,diálogo/painel ou etapa do fluxo,obrigatório,obrigatório/adaptado à superfície,12,183,planejado,,
STAFF-018,mapa original,Solicitar conta,Prepara la cuenta,Restaurant,Restaurant,E15,,/staff/[locationId],família; compor na E00,STAFF-018,diálogo/painel ou etapa do fluxo,obrigatório,obrigatório/adaptado à superfície,12,184,planejado,,
STAFF-019,mapa original,Receber pagamento,Cobra la cuenta,Pro,Pro,E23,,/staff/[locationId],família; compor na E00,STAFF-019,página/painel a compor,obrigatório,obrigatório/adaptado à superfície,12,185,planejado,,
STAFF-020,mapa original,Fechar mesa,Mesa cobrada,Pro,Pro,E22,,/staff/[locationId],família; compor na E00,STAFF-020,estado de rota,obrigatório,obrigatório/adaptado à superfície,12,186,planejado,,D08; encerrar serviço difere de liquidar conta
STAFF-021,mapa original,Pedidos para levar,Para llevar,Restaurant,Restaurant,E20,,/staff/[locationId],família; compor na E00,STAFF-021,página/painel a compor,obrigatório,obrigatório/adaptado à superfície,12,187,planejado,,
STAFF-022,mapa original,Busca global rapida,Encuentra lo que necesitas,Restaurant,Restaurant,E15,,/staff/[locationId],família; compor na E00,STAFF-022,página/painel a compor,obrigatório,obrigatório/adaptado à superfície,12,188,planejado,,
STAFF-023,mapa original,Perfil/turno,Tu perfil y tu turno,Restaurant,Restaurant,E15,,/staff/[locationId],família; compor na E00,STAFF-023,página/painel a compor,obrigatório,obrigatório/adaptado à superfície,12,189,planejado,,
STAFF-024,mapa original,Modo offline/degradado,Conexión interrumpida,Restaurant,Restaurant,E15,,/staff/[locationId],família; compor na E00,STAFF-024,estado de rota,obrigatório,obrigatório/adaptado à superfície,12,190,planejado,,
ORD-001,mapa original,Fila geral de pedidos,Todos los pedidos,Restaurant,Restaurant,E14,,/app/[orgSlug]/[locationSlug]/orders,família; compor na E00,ORD-001,página/painel a compor,obrigatório,obrigatório/adaptado à superfície,12,191,planejado,,
ORD-002,mapa original,Detalhe do pedido,Pedido #A104,Restaurant,Restaurant,E14,,/app/[orgSlug]/[locationSlug]/orders,família; compor na E00,ORD-002,página/painel a compor,obrigatório,obrigatório/adaptado à superfície,12,192,planejado,,
ORD-003,mapa original,Criar pedido manual,Nuevo pedido manual,Restaurant,Restaurant,E14,,/app/[orgSlug]/[locationSlug]/orders,família; compor na E00,ORD-003,página/painel a compor,obrigatório,obrigatório/adaptado à superfície,12,193,planejado,,
ORD-004,mapa original,Editar antes do envio,Edita el borrador,Restaurant,Restaurant,E14,,/app/[orgSlug]/[locationSlug]/orders,família; compor na E00,ORD-004,página/painel a compor,obrigatório,obrigatório/adaptado à superfície,12,194,planejado,,
ORD-005,mapa original,Adicionar apos envio,Añade una nueva ronda,Restaurant,Restaurant,E14,,/app/[orgSlug]/[locationSlug]/orders,família; compor na E00,ORD-005,página/painel a compor,obrigatório,obrigatório/adaptado à superfície,12,195,planejado,,
ORD-006,mapa original,Cancelar pedido/item,Cancela con contexto,Restaurant,Restaurant,E14,,/app/[orgSlug]/[locationSlug]/orders,família; compor na E00,ORD-006,diálogo/painel ou etapa do fluxo,obrigatório,obrigatório/adaptado à superfície,12,196,planejado,,
ORD-007,mapa original,Reabrir/ajustar pedido,Reabre un pedido cerrado,Pro,Pro,E22,,/app/[orgSlug]/[locationSlug]/orders,família; compor na E00,ORD-007,diálogo/painel ou etapa do fluxo,obrigatório,obrigatório/adaptado à superfície,12,197,planejado,,
ORD-008,mapa original,Mover pedido,Mueve el pedido,Restaurant,Restaurant,E14,,/app/[orgSlug]/[locationSlug]/orders,família; compor na E00,ORD-008,página/painel a compor,obrigatório,obrigatório/adaptado à superfície,12,198,planejado,,
ORD-009,mapa original,Historico de eventos,Historia de un pedido,Pro,Auditoria básica sempre; consulta avançada conforme plano,E14,,/app/[orgSlug]/[locationSlug]/orders,família; compor na E00,ORD-009,página/painel a compor,obrigatório,obrigatório/adaptado à superfície,13,199,planejado,,D07
ORD-010,mapa original,Pedidos problemáticos,Pedidos que necesitan atención,Restaurant,Restaurant,E14,,/app/[orgSlug]/[locationSlug]/orders,família; compor na E00,ORD-010,página/painel a compor,obrigatório,obrigatório/adaptado à superfície,13,200,planejado,,
ORD-011,mapa original,Reprocessar evento,Reintenta de forma segura,Pro,Pro,E32,,/app/[orgSlug]/[locationSlug]/orders,família; compor na E00,ORD-011,diálogo/painel ou etapa do fluxo,obrigatório,obrigatório/adaptado à superfície,13,201,planejado,,
KDS-001,mapa original,Selecionar estacao,Tu estación de trabajo,Restaurant,Restaurant,E16,,/kds/[locationId]/[stationId],família; compor na E00,KDS-001,página/painel a compor,obrigatório,obrigatório/adaptado à superfície,13,202,planejado,,
KDS-002,mapa original,Fila principal,Cocina caliente,Restaurant,Restaurant,E16,,/kds/[locationId]/[stationId],família; compor na E00,KDS-002,página/painel a compor,obrigatório,obrigatório/adaptado à superfície,13,203,planejado,,
KDS-003,mapa original,Ticket expandido,Mesa 07 · Ticket A104,Restaurant,Restaurant,E16,,/kds/[locationId]/[stationId],família; compor na E00,KDS-003,página/painel a compor,obrigatório,obrigatório/adaptado à superfície,13,204,planejado,,
KDS-004,mapa original,Iniciar preparacao,Empieza la preparación,Restaurant,Restaurant,E16,,/kds/[locationId]/[stationId],família; compor na E00,KDS-004,página/painel a compor,obrigatório,obrigatório/adaptado à superfície,13,205,planejado,,
KDS-005,mapa original,Marcar pronto,Todo listo en cocina,Restaurant,Restaurant,E16,,/kds/[locationId]/[stationId],família; compor na E00,KDS-005,página/painel a compor,obrigatório,obrigatório/adaptado à superfície,13,206,planejado,,
KDS-006,mapa original,Hold/pausar,Mantén el siguiente pase,Restaurant,Restaurant,E16,,/kds/[locationId]/[stationId],família; compor na E00,KDS-006,página/painel a compor,obrigatório,obrigatório/adaptado à superfície,13,207,planejado,,
KDS-007,mapa original,Recall,Recupera un ticket,Restaurant,Restaurant,E16,,/kds/[locationId]/[stationId],família; compor na E00,KDS-007,página/painel a compor,obrigatório,obrigatório/adaptado à superfície,13,208,planejado,,
KDS-008,mapa original,Priorizar,Prioriza con un motivo,Restaurant,Restaurant,E16,,/kds/[locationId]/[stationId],família; compor na E00,KDS-008,página/painel a compor,obrigatório,obrigatório/adaptado à superfície,13,209,planejado,,
KDS-009,mapa original,All-day counts,Todo lo que hay que preparar,Restaurant,Restaurant,E16,,/kds/[locationId]/[stationId],família; compor na E00,KDS-009,página/painel a compor,obrigatório,obrigatório/adaptado à superfície,13,210,planejado,,
KDS-010,mapa original,Backlog/aguardando,Pedidos en espera,Restaurant,Restaurant,E16,,/kds/[locationId]/[stationId],família; compor na E00,KDS-010,página/painel a compor,obrigatório,obrigatório/adaptado à superfície,13,211,planejado,,
KDS-011,mapa original,Historico da estacao,Historial de cocina,Restaurant,Restaurant,E16,,/kds/[locationId]/[stationId],família; compor na E00,KDS-011,página/painel a compor,obrigatório,obrigatório/adaptado à superfície,13,212,planejado,,
KDS-012,mapa original,Expo board,Pase y coordinación,Restaurant,Restaurant,E16,,/kds/[locationId]/[stationId],família; compor na E00,KDS-012,página/painel a compor,obrigatório,obrigatório/adaptado à superfície,13,213,planejado,,
KDS-013,mapa original,Retirada/servido,Confirma la salida,Restaurant,Restaurant,E16,,/kds/[locationId]/[stationId],família; compor na E00,KDS-013,página/painel a compor,obrigatório,obrigatório/adaptado à superfície,13,214,planejado,,
KDS-014,mapa original,Configuracao da estacao,Ajusta la estación,Restaurant,Restaurant,E16,,/kds/[locationId]/[stationId],família; compor na E00,KDS-014,página/painel a compor,obrigatório,obrigatório/adaptado à superfície,13,215,planejado,,
KDS-015,mapa original,Dispositivos KDS,Pantallas de cocina,Restaurant,Restaurant,E16,E31,/kds/[locationId]/[stationId],família; compor na E00,KDS-015,página/painel a compor,obrigatório,obrigatório/adaptado à superfície,13,216,planejado,,
KDS-016,mapa original,Fallback de impressao,Alternativa de impresión,Restaurant,Restaurant,E31,,/kds/[locationId]/[stationId],família; compor na E00,KDS-016,página/painel a compor,obrigatório,obrigatório/adaptado à superfície,13,217,planejado,,
POS-001,mapa original,Login/operador,Entra en tu caja,Pro,Pro,E22,,/pos/[locationId],família; compor na E00,POS-001,diálogo/painel ou etapa do fluxo,obrigatório,obrigatório/adaptado à superfície,13,218,planejado,,
POS-002,mapa original,Home do TPV,Tu TPV,Pro,Pro,E22,,/pos/[locationId],família; compor na E00,POS-002,página/painel a compor,obrigatório,obrigatório/adaptado à superfície,13,219,planejado,,
POS-003,mapa original,Venda rapida/balcao,Venta de barra,Pro,Pro,E22,,/pos/[locationId],família; compor na E00,POS-003,página/painel a compor,obrigatório,obrigatório/adaptado à superfície,13,220,planejado,,
POS-004,mapa original,Mesa no TPV,Mesa 07 en el TPV,Pro,Pro,E22,,/pos/[locationId],família; compor na E00,POS-004,página/painel a compor,obrigatório,obrigatório/adaptado à superfície,14,221,planejado,,
POS-005,mapa original,Tela de pagamento,Elige cómo cobrar,Pro,Pro,E23,,/pos/[locationId],família; compor na E00,POS-005,página/painel a compor,obrigatório,obrigatório/adaptado à superfície,14,222,planejado,,
POS-006,mapa original,Pagamento em dinheiro,Cobro en efectivo,Pro,Pro,E22,,/pos/[locationId],família; compor na E00,POS-006,página/painel a compor,obrigatório,obrigatório/adaptado à superfície,14,223,planejado,,
POS-007,mapa original,Pagamento com cartao,Cobro con tarjeta,Pro,Pro,E23,,/pos/[locationId],família; compor na E00,POS-007,página/painel a compor,obrigatório,obrigatório/adaptado à superfície,14,224,planejado,,
POS-008,mapa original,Pagamento misto,Combina métodos de pago,Pro,Pro,E23,,/pos/[locationId],família; compor na E00,POS-008,página/painel a compor,obrigatório,obrigatório/adaptado à superfície,14,225,planejado,,
POS-009,mapa original,Dividir conta,Divide la cuenta,Pro,Pro,E22,,/pos/[locationId],família; compor na E00,POS-009,página/painel a compor,obrigatório,obrigatório/adaptado à superfície,14,226,planejado,,
POS-010,mapa original,Desconto,Aplica un descuento,Pro,Pro,E22,,/pos/[locationId],família; compor na E00,POS-010,página/painel a compor,obrigatório,obrigatório/adaptado à superfície,14,227,planejado,,
POS-011,mapa original,Cortesia,Invitación de la casa,Pro,Pro,E22,,/pos/[locationId],família; compor na E00,POS-011,página/painel a compor,obrigatório,obrigatório/adaptado à superfície,14,228,planejado,,
POS-012,mapa original,Recibo/ticket,Comprobante del pedido,Pro,Pro,E24,,/pos/[locationId],família; compor na E00,POS-012,página/painel a compor,obrigatório,obrigatório/adaptado à superfície,14,229,planejado,,
POS-013,mapa original,Devolucao/refund,Devuelve un importe,Pro,Pro,E23,,/pos/[locationId],família; compor na E00,POS-013,página/painel a compor,obrigatório,obrigatório/adaptado à superfície,14,230,planejado,,
POS-014,mapa original,Anulacao/void,Anula una operación,Pro,Pro,E22,,/pos/[locationId],família; compor na E00,POS-014,diálogo/painel ou etapa do fluxo,obrigatório,obrigatório/adaptado à superfície,14,231,planejado,,
POS-015,mapa original,Abrir caixa,Abre tu caja,Pro,Pro,E22,,/pos/[locationId],família; compor na E00,POS-015,página/painel a compor,obrigatório,obrigatório/adaptado à superfície,14,232,planejado,,
POS-016,mapa original,Movimento de caixa,Movimiento de efectivo,Pro,Pro,E22,,/pos/[locationId],família; compor na E00,POS-016,página/painel a compor,obrigatório,obrigatório/adaptado à superfície,14,233,planejado,,
POS-017,mapa original,Contagem de caixa,Cuenta el efectivo,Pro,Pro,E22,,/pos/[locationId],família; compor na E00,POS-017,página/painel a compor,obrigatório,obrigatório/adaptado à superfície,14,234,planejado,,
POS-018,mapa original,Fechamento de caixa,Cierra el turno de caja,Pro,Pro,E22,,/pos/[locationId],família; compor na E00,POS-018,página/painel a compor,obrigatório,obrigatório/adaptado à superfície,14,235,planejado,,
POS-019,mapa original,Historico de caixas,Historial de cajas,Pro,Pro,E22,,/pos/[locationId],família; compor na E00,POS-019,página/painel a compor,obrigatório,obrigatório/adaptado à superfície,14,236,planejado,,
POS-020,mapa original,Documentos fiscais,Documentos de venta,Pro,Pro,E24,,/pos/[locationId],família; compor na E00,POS-020,página/painel a compor,obrigatório,obrigatório/adaptado à superfície,14,237,planejado,,
POS-021,mapa original,Configuracao fiscal,Configura la facturación,Pro,Pro,E24,,/pos/[locationId],família; compor na E00,POS-021,página/painel a compor,obrigatório,obrigatório/adaptado à superfície,14,238,planejado,,
POS-022,mapa original,Configuracao de pagamentos,Configuración de cobros,Pro,Pro,E23,,/pos/[locationId],família; compor na E00,POS-022,página/painel a compor,obrigatório,obrigatório/adaptado à superfície,14,239,planejado,,
POS-023,mapa original,Terminais de pagamento,Terminales de pago,Pro,Pro,E23,E31,/pos/[locationId],família; compor na E00,POS-023,página/painel a compor,obrigatório,obrigatório/adaptado à superfície,14,240,planejado,,
TAKE-001,mapa original,Pedido para levar - cliente,Tu pedido para recoger,Restaurant,Restaurant,E20,,/app/[orgSlug]/[locationSlug]/takeaway,família; compor na E00,TAKE-001,página/painel a compor,obrigatório,obrigatório/adaptado à superfície,14,241,planejado,,
TAKE-002,mapa original,Confirmacao de retirada,Te avisamos cuando esté listo,Restaurant,Restaurant,E20,,/app/[orgSlug]/[locationSlug]/takeaway,família; compor na E00,TAKE-002,estado de rota,obrigatório,obrigatório/adaptado à superfície,14,242,planejado,,
TAKE-003,mapa original,Fila takeaway,Pedidos para recoger,Restaurant,Restaurant,E20,,/app/[orgSlug]/[locationSlug]/takeaway,família; compor na E00,TAKE-003,página/painel a compor,obrigatório,obrigatório/adaptado à superfície,14,243,planejado,,
DEL-001,mapa original,Canais de delivery,Canales de entrega,Pro,Concessão específica + dependências do canal,E20,,/app/[orgSlug]/[locationSlug]/delivery,família; compor na E00,DEL-001,página/painel a compor,obrigatório,obrigatório/adaptado à superfície,14,244,planejado,,D15
DEL-002,mapa original,Mapeamento de catalogo externo,Conecta los productos del canal,Pro,Concessão específica + dependências do canal,E20,,/app/[orgSlug]/[locationSlug]/delivery,família; compor na E00,DEL-002,página/painel a compor,obrigatório,obrigatório/adaptado à superfície,14,245,planejado,,D15
DEL-003,mapa original,Fila delivery,Entrega a domicilio,Pro,Concessão específica + dependências do canal,E20,,/app/[orgSlug]/[locationSlug]/delivery,família; compor na E00,DEL-003,página/painel a compor,obrigatório,obrigatório/adaptado à superfície,15,246,planejado,,D15
KIOSK-001,mapa original,Ativacao/idioma,Bienvenido a La Societat,Pro,Concessão específica + dependências do canal,E31,,/kiosk/[deviceId],família; compor na E00,KIOSK-001,página/painel a compor,obrigatório,obrigatório/adaptado à superfície,15,247,planejado,,D15
KIOSK-002,mapa original,Navegar menu,¿Qué te apetece hoy?,Pro,Concessão específica + dependências do canal,E31,,/kiosk/[deviceId],família; compor na E00,KIOSK-002,página/painel a compor,obrigatório,obrigatório/adaptado à superfície,15,248,planejado,,D15
KIOSK-003,mapa original,Detalhe/configurar item,Elige tus opciones,Pro,Concessão específica + dependências do canal,E31,,/kiosk/[deviceId],família; compor na E00,KIOSK-003,página/painel a compor,obrigatório,obrigatório/adaptado à superfície,15,249,planejado,,D15
KIOSK-004,mapa original,Carrinho,Revisa tu pedido,Pro,Concessão específica + dependências do canal,E31,,/kiosk/[deviceId],família; compor na E00,KIOSK-004,página/painel a compor,obrigatório,obrigatório/adaptado à superfície,15,250,planejado,,D15
KIOSK-005,mapa original,Pagamento,Completa el pago,Pro,Concessão específica + dependências do canal,E31,,/kiosk/[deviceId],família; compor na E00,KIOSK-005,página/painel a compor,obrigatório,obrigatório/adaptado à superfície,15,251,planejado,,D15
KIOSK-006,mapa original,Confirmacao/senha,Tu número es el 031,Pro,Concessão específica + dependências do canal,E31,,/kiosk/[deviceId],família; compor na E00,KIOSK-006,estado de rota,obrigatório,obrigatório/adaptado à superfície,15,252,planejado,,D15
KIOSK-007,mapa original,Modo indisponivel,El terminal está pausado,Pro,Concessão específica + dependências do canal,E31,,/kiosk/[deviceId],família; compor na E00,KIOSK-007,estado de rota,obrigatório,obrigatório/adaptado à superfície,15,253,planejado,,D15
KIOSK-008,mapa original,Gestao de kiosks,Tus kiosks,Pro,Concessão específica + dependências do canal,E31,,/kiosk/[deviceId],família; compor na E00,KIOSK-008,página/painel a compor,obrigatório,obrigatório/adaptado à superfície,15,254,planejado,,D15
INV-001,mapa original,Dashboard de estoque,"Tu almacén, al día",Pro,Pro,E25,,/app/[orgSlug]/[locationSlug]/inventory,família; compor na E00,INV-001,página/painel a compor,obrigatório,obrigatório/adaptado à superfície,15,255,planejado,,
INV-002,mapa original,Itens de estoque,Ingredientes e insumos,Pro,Pro,E25,,/app/[orgSlug]/[locationSlug]/inventory,família; compor na E00,INV-002,página/painel a compor,obrigatório,obrigatório/adaptado à superfície,15,256,planejado,,
INV-003,mapa original,Detalhe do insumo,Arroz · Ingrediente,Pro,Pro,E25,,/app/[orgSlug]/[locationSlug]/inventory,família; compor na E00,INV-003,página/painel a compor,obrigatório,obrigatório/adaptado à superfície,15,257,planejado,,
INV-004,mapa original,Ficha tecnica/receita,Receta de croquetas,Pro,Pro,E25,,/app/[orgSlug]/[locationSlug]/inventory,família; compor na E00,INV-004,página/painel a compor,obrigatório,obrigatório/adaptado à superfície,15,258,planejado,,
INV-005,mapa original,Subreceitas,Preparaciones base,Pro,Pro,E25,,/app/[orgSlug]/[locationSlug]/inventory,família; compor na E00,INV-005,página/painel a compor,obrigatório,obrigatório/adaptado à superfície,15,259,planejado,,
INV-006,mapa original,Estoque por unidade,Existencias por restaurante,Pro,Pro,E25,,/app/[orgSlug]/[locationSlug]/inventory,família; compor na E00,INV-006,página/painel a compor,obrigatório,obrigatório/adaptado à superfície,15,260,planejado,,
INV-007,mapa original,Movimentos,Todos los movimientos,Pro,Pro,E25,,/app/[orgSlug]/[locationSlug]/inventory,família; compor na E00,INV-007,página/painel a compor,obrigatório,obrigatório/adaptado à superfície,15,261,planejado,,
INV-008,mapa original,Registrar perda,Registra una pérdida,Pro,Pro,E25,,/app/[orgSlug]/[locationSlug]/inventory,família; compor na E00,INV-008,página/painel a compor,obrigatório,obrigatório/adaptado à superfície,15,262,planejado,,
INV-009,mapa original,Contagem de estoque,Cuenta el almacén,Pro,Pro,E25,,/app/[orgSlug]/[locationSlug]/inventory,família; compor na E00,INV-009,página/painel a compor,obrigatório,obrigatório/adaptado à superfície,15,263,planejado,,
INV-010,mapa original,Reconciliar contagem,Revisa las diferencias,Pro,Pro,E25,,/app/[orgSlug]/[locationSlug]/inventory,família; compor na E00,INV-010,página/painel a compor,obrigatório,obrigatório/adaptado à superfície,15,264,planejado,,
INV-011,mapa original,Transferencia entre unidades,Traslada entre restaurantes,Pro,Pro,E25,,/app/[orgSlug]/[locationSlug]/inventory,família; compor na E00,INV-011,página/painel a compor,obrigatório,obrigatório/adaptado à superfície,15,265,planejado,,
INV-012,mapa original,Regras de disponibilidade por estoque,Disponibilidad según existencias,Pro,Pro,E25,,/app/[orgSlug]/[locationSlug]/inventory,família; compor na E00,INV-012,página/painel a compor,obrigatório,obrigatório/adaptado à superfície,15,266,planejado,,
SUP-001,mapa original,Fornecedores,Tus proveedores,Pro,Pro,E26,,/app/[orgSlug]/[locationSlug]/suppliers,família; compor na E00,SUP-001,página/painel a compor,obrigatório,obrigatório/adaptado à superfície,15,267,planejado,,
SUP-002,mapa original,Detalhe do fornecedor,Distribuidor Demo,Pro,Pro,E26,,/app/[orgSlug]/[locationSlug]/suppliers,família; compor na E00,SUP-002,página/painel a compor,obrigatório,obrigatório/adaptado à superfície,15,268,planejado,,
PUR-001,mapa original,Pedidos de compra,Pedidos de compra,Pro,Pro,E26,,/app/[orgSlug]/[locationSlug]/purchases,família; compor na E00,PUR-001,página/painel a compor,obrigatório,obrigatório/adaptado à superfície,15,269,planejado,,
PUR-002,mapa original,Criar pedido de compra,Prepara una compra,Pro,Pro,E26,,/app/[orgSlug]/[locationSlug]/purchases,família; compor na E00,PUR-002,página/painel a compor,obrigatório,obrigatório/adaptado à superfície,15,270,planejado,,
PUR-003,mapa original,Recebimento,Recibe y comprueba,Pro,Pro,E26,,/app/[orgSlug]/[locationSlug]/purchases,família; compor na E00,PUR-003,página/painel a compor,obrigatório,obrigatório/adaptado à superfície,15,271,planejado,,
PUR-004,mapa original,Historico de custos,Cómo cambia el coste,Pro,Pro,E26,,/app/[orgSlug]/[locationSlug]/purchases,família; compor na E00,PUR-004,página/painel a compor,obrigatório,obrigatório/adaptado à superfície,15,272,planejado,,
CRM-001,mapa original,Lista de clientes,Tus clientes,Pro,Pro,E27,,/app/[orgSlug]/[locationSlug]/customers,família; compor na E00,CRM-001,página/painel a compor,obrigatório,obrigatório/adaptado à superfície,16,273,planejado,,
CRM-002,mapa original,Perfil do cliente,María López,Pro,Pro,E27,,/app/[orgSlug]/[locationSlug]/customers,família; compor na E00,CRM-002,página/painel a compor,obrigatório,obrigatório/adaptado à superfície,16,274,planejado,,
CRM-003,mapa original,Mesclar duplicados,Une contactos duplicados,Pro,Pro,E27,,/app/[orgSlug]/[locationSlug]/customers,família; compor na E00,CRM-003,página/painel a compor,obrigatório,obrigatório/adaptado à superfície,16,275,planejado,,
CRM-004,mapa original,Segmentos,Segmentos de clientes,Pro,Pro,E27,,/app/[orgSlug]/[locationSlug]/customers,família; compor na E00,CRM-004,página/painel a compor,obrigatório,obrigatório/adaptado à superfície,16,276,planejado,,
CRM-005,mapa original,Criar segmento,Define tu segmento,Pro,Pro,E27,,/app/[orgSlug]/[locationSlug]/customers,família; compor na E00,CRM-005,página/painel a compor,obrigatório,obrigatório/adaptado à superfície,16,277,planejado,,
CRM-006,mapa original,Fidelidade - configuracao,Programa de fidelidad,Pro,Pro,E27,,/app/[orgSlug]/[locationSlug]/customers,família; compor na E00,CRM-006,página/painel a compor,obrigatório,obrigatório/adaptado à superfície,16,278,planejado,,
CRM-007,mapa original,Saldo/recompensas do cliente,Recompensas de María,Pro,Pro,E27,,/app/[orgSlug]/[locationSlug]/customers,família; compor na E00,CRM-007,página/painel a compor,obrigatório,obrigatório/adaptado à superfície,16,279,planejado,,
CRM-008,mapa original,Campanhas,Tus campañas,Pro,Pro,E27,,/app/[orgSlug]/[locationSlug]/customers,família; compor na E00,CRM-008,página/painel a compor,obrigatório,obrigatório/adaptado à superfície,16,280,planejado,,
CRM-009,mapa original,Criar campanha,Prepara una campaña,Pro,Pro,E27,,/app/[orgSlug]/[locationSlug]/customers,família; compor na E00,CRM-009,página/painel a compor,obrigatório,obrigatório/adaptado à superfície,16,281,planejado,,
CRM-010,mapa original,Templates de mensagem,Mensajes reutilizables,Pro,Pro,E27,,/app/[orgSlug]/[locationSlug]/customers,família; compor na E00,CRM-010,página/painel a compor,obrigatório,obrigatório/adaptado à superfície,16,282,planejado,,
CRM-011,mapa original,Feedback e avaliacoes,La voz de tus clientes,Pro,Pro,E27,,/app/[orgSlug]/[locationSlug]/customers,família; compor na E00,CRM-011,diálogo/painel ou etapa do fluxo,obrigatório,obrigatório/adaptado à superfície,16,283,planejado,,
CRM-012,mapa original,Origem/aquisicao,De dónde llegan,Pro,Pro,E27,,/app/[orgSlug]/[locationSlug]/customers,família; compor na E00,CRM-012,página/painel a compor,obrigatório,obrigatório/adaptado à superfície,16,284,planejado,,
CRM-013,mapa original,Preferencias/consentimentos,Preferencias de contacto,Pro,Pro,E27,,/app/[orgSlug]/[locationSlug]/customers,família; compor na E00,CRM-013,página/painel a compor,obrigatório,obrigatório/adaptado à superfície,16,285,planejado,,
HR-001,mapa original,Funcionarios,El equipo del restaurante,Pro,Pro,E28,,/app/[orgSlug]/[locationSlug]/team,família; compor na E00,HR-001,página/painel a compor,obrigatório,obrigatório/adaptado à superfície,16,286,planejado,,
HR-002,mapa original,Perfil do funcionario,Perfil de Alex,Pro,Pro,E28,,/app/[orgSlug]/[locationSlug]/team,família; compor na E00,HR-002,página/painel a compor,obrigatório,obrigatório/adaptado à superfície,16,287,planejado,,
HR-003,mapa original,Cargos operacionais,Funciones del equipo,Pro,Pro,E28,,/app/[orgSlug]/[locationSlug]/team,família; compor na E00,HR-003,página/painel a compor,obrigatório,obrigatório/adaptado à superfície,16,288,planejado,,
HR-004,mapa original,Escala,Planifica la semana,Pro,Pro,E28,,/app/[orgSlug]/[locationSlug]/team,família; compor na E00,HR-004,página/painel a compor,obrigatório,obrigatório/adaptado à superfície,16,289,planejado,,
HR-005,mapa original,Criar/editar turno,Define el turno,Pro,Pro,E28,,/app/[orgSlug]/[locationSlug]/team,família; compor na E00,HR-005,página/painel a compor,obrigatório,obrigatório/adaptado à superfície,16,290,planejado,,
HR-006,mapa original,Meu turno,Mi jornada,Pro,Pro,E28,,/app/[orgSlug]/[locationSlug]/team,família; compor na E00,HR-006,página/painel a compor,obrigatório,obrigatório/adaptado à superfície,16,291,planejado,,
HR-007,mapa original,Bater ponto,Registra tu jornada,Pro,Pro,E28,,/app/[orgSlug]/[locationSlug]/team,família; compor na E00,HR-007,página/painel a compor,obrigatório,obrigatório/adaptado à superfície,16,292,planejado,,
HR-008,mapa original,Folha de ponto,Revisa las horas,Pro,Pro,E28,,/app/[orgSlug]/[locationSlug]/team,família; compor na E00,HR-008,página/painel a compor,obrigatório,obrigatório/adaptado à superfície,17,293,planejado,,
HR-009,mapa original,Solicitar ajuste,Solicita una corrección,Pro,Pro,E28,,/app/[orgSlug]/[locationSlug]/team,família; compor na E00,HR-009,página/painel a compor,obrigatório,obrigatório/adaptado à superfície,17,294,planejado,,
HR-010,mapa original,Aprovar ajuste,Revisa un ajuste de jornada,Pro,Pro,E28,,/app/[orgSlug]/[locationSlug]/team,família; compor na E00,HR-010,diálogo/painel ou etapa do fluxo,obrigatório,obrigatório/adaptado à superfície,17,295,planejado,,
HR-011,mapa original,Relatorio de horas,Horas por equipo,Pro,Pro,E28,,/app/[orgSlug]/[locationSlug]/team,família; compor na E00,HR-011,página/painel a compor,obrigatório,obrigatório/adaptado à superfície,17,296,planejado,,
FIN-001,mapa original,Dashboard financeiro,Tu gestión económica,Pro,Pro,E29,,/app/[orgSlug]/[locationSlug]/finance,família; compor na E00,FIN-001,página/painel a compor,obrigatório,obrigatório/adaptado à superfície,17,297,planejado,,
FIN-002,mapa original,Receitas por canal,Ingresos por canal,Pro,Pro,E29,,/app/[orgSlug]/[locationSlug]/finance,família; compor na E00,FIN-002,página/painel a compor,obrigatório,obrigatório/adaptado à superfície,17,298,planejado,,
FIN-003,mapa original,Pagamentos e settlements,Cobros y liquidaciones,Pro,Pro,E29,,/app/[orgSlug]/[locationSlug]/finance,família; compor na E00,FIN-003,página/painel a compor,obrigatório,obrigatório/adaptado à superfície,17,299,planejado,,
FIN-004,mapa original,Conciliacao,Concilia la operación,Pro,Pro,E29,,/app/[orgSlug]/[locationSlug]/finance,família; compor na E00,FIN-004,página/painel a compor,obrigatório,obrigatório/adaptado à superfície,17,300,planejado,,
FIN-005,mapa original,Despesas operacionais,Gastos del restaurante,Pro,Pro,E29,,/app/[orgSlug]/[locationSlug]/finance,família; compor na E00,FIN-005,página/painel a compor,obrigatório,obrigatório/adaptado à superfície,17,301,planejado,,
FIN-006,mapa original,Registrar despesa,Añade un gasto,Pro,Pro,E29,,/app/[orgSlug]/[locationSlug]/finance,família; compor na E00,FIN-006,página/painel a compor,obrigatório,obrigatório/adaptado à superfície,17,302,planejado,,
FIN-007,mapa original,Contas/centros de custo,Centros de coste,Pro,Pro,E29,,/app/[orgSlug]/[locationSlug]/finance,família; compor na E00,FIN-007,página/painel a compor,obrigatório,obrigatório/adaptado à superfície,17,303,planejado,,
FIN-008,mapa original,Margem e CMV estimado,Margen estimado por plato,Pro,Pro,E29,,/app/[orgSlug]/[locationSlug]/finance,família; compor na E00,FIN-008,página/painel a compor,obrigatório,obrigatório/adaptado à superfície,17,304,planejado,,
FIN-009,mapa original,Fluxo de caixa operacional,Previsión de caja,Pro,Pro,E29,,/app/[orgSlug]/[locationSlug]/finance,família; compor na E00,FIN-009,página/painel a compor,obrigatório,obrigatório/adaptado à superfície,17,305,planejado,,
FIN-010,mapa original,Exportacoes financeiras,Exporta la información,Pro,Pro,E29,,/app/[orgSlug]/[locationSlug]/finance,família; compor na E00,FIN-010,página/painel a compor,obrigatório,obrigatório/adaptado à superfície,17,306,planejado,,
FIN-011,mapa original,Documentos anexos,Tus documentos,Pro,Pro,E29,,/app/[orgSlug]/[locationSlug]/finance,família; compor na E00,FIN-011,página/painel a compor,obrigatório,obrigatório/adaptado à superfície,17,307,planejado,,
REP-001,mapa original,Analytics basico,Así visitan tu carta,Starter,Starter,E09,"E21,E30",/app/[orgSlug]/[locationSlug]/reports,/app/[orgSlug]/[locationSlug]/reports,REP-001,página/painel a compor,obrigatório,obrigatório/adaptado à superfície,17,308,validado,"Unidade, idioma e origem. A tabela NÃO TEM coluna para IP, agente, cookie ou sessão — medido com uma asserção sobre o information_schema. E o runtime não pode apagar uma consulta. · validado 04/09: provar-publico.sh 0 falhas, 11 passos, 23 asserções, oito controlos negativos; e três ataques independentes do sénior ao detector de verbos (sem espaços, reexportação, satisfies) todos apanhados · ATENÇÃO 04/09: assinatura RETIRADA quanto à tela — os aceites funcionais estão provados contra a base, mas esta tela NUNCA foi renderizada num navegador. O arnês não autentica ainda. Ver docs/progress/DIVIDA-MOVEL.txt; bloqueante para o E11. · móvel medido a 04/09 pelo arnês com SESSÃO REAL, que era o que faltava: a pendência declarada no E09 era esta e nenhuma outra. Cinco larguras, transbordo, alvos de toque a 44 px e contraste. QR-001/003/004 vivem numa página só e cada um afirma o SEU bloco — medir a rota uma vez e dar os três por medidos era a medição que não aconteceu. Dois defeitos reais apanhados aqui: o QR de 320 px fixos esticava a página a 360, e `.bo-pagina` crescia com o conteúdo em vez de o conter. · inspeccao/painel.spec.ts · assinatura RESTAURADA 04/09: a tela foi finalmente renderizada e medida no navegador; a retirada de há três horas cai porque a medição existe agora",
REP-002,mapa original,Dashboard operacional,Tu servicio de hoy,Restaurant,Restaurant,E14,,/app/[orgSlug]/[locationSlug]/reports,família; compor na E00,REP-002,página/painel a compor,obrigatório,obrigatório/adaptado à superfície,17,309,planejado,,
REP-003,mapa original,Vendas,Ventas en contexto,Pro,Pro,E14,,/app/[orgSlug]/[locationSlug]/reports,família; compor na E00,REP-003,página/painel a compor,obrigatório,obrigatório/adaptado à superfície,17,310,planejado,,
REP-004,mapa original,Produtos,Los productos que se sirven,Restaurant+,Restaurant+,E14,,/app/[orgSlug]/[locationSlug]/reports,família; compor na E00,REP-004,página/painel a compor,obrigatório,obrigatório/adaptado à superfície,17,311,planejado,,
REP-005,mapa original,Categorias,Desempeño por categoría,Restaurant+,Restaurant+,E14,,/app/[orgSlug]/[locationSlug]/reports,família; compor na E00,REP-005,página/painel a compor,obrigatório,obrigatório/adaptado à superfície,17,312,planejado,,
REP-006,mapa original,Horarios/dayparts,Cada franja del servicio,Restaurant+,Restaurant+,E14,,/app/[orgSlug]/[locationSlug]/reports,família; compor na E00,REP-006,página/painel a compor,obrigatório,obrigatório/adaptado à superfície,18,313,planejado,,
REP-007,mapa original,Mesas e areas,Tus mesas y zonas,Restaurant+,Restaurant+,E14,,/app/[orgSlug]/[locationSlug]/reports,família; compor na E00,REP-007,página/painel a compor,obrigatório,obrigatório/adaptado à superfície,18,314,planejado,,
REP-008,mapa original,Reservas,Cómo llegan las reservas,Restaurant,Restaurant,E19,,/app/[orgSlug]/[locationSlug]/reports,família; compor na E00,REP-008,página/painel a compor,obrigatório,obrigatório/adaptado à superfície,18,315,planejado,,
REP-009,mapa original,KDS/tempos,Tiempos de cocina,Restaurant,Restaurant,E16,,/app/[orgSlug]/[locationSlug]/reports,família; compor na E00,REP-009,página/painel a compor,obrigatório,obrigatório/adaptado à superfície,18,316,planejado,,
REP-010,mapa original,Garcons/equipe,Trabajo por función,Pro,Pro,E30,,/app/[orgSlug]/[locationSlug]/reports,família; compor na E00,REP-010,página/painel a compor,obrigatório,obrigatório/adaptado à superfície,18,317,planejado,,
REP-011,mapa original,Pagamentos,Estado de los pagos,Pro,Pro,E30,,/app/[orgSlug]/[locationSlug]/reports,família; compor na E00,REP-011,página/painel a compor,obrigatório,obrigatório/adaptado à superfície,18,318,planejado,,
REP-012,mapa original,Estoque,Movimientos de almacén,Pro,Pro,E30,,/app/[orgSlug]/[locationSlug]/reports,família; compor na E00,REP-012,página/painel a compor,obrigatório,obrigatório/adaptado à superfície,18,319,planejado,,
REP-013,mapa original,Compras e custos,Compras y evolución de costes,Pro,Pro,E30,,/app/[orgSlug]/[locationSlug]/reports,família; compor na E00,REP-013,página/painel a compor,obrigatório,obrigatório/adaptado à superfície,18,320,planejado,,
REP-014,mapa original,Clientes/CRM,Conoce la recurrencia,Pro,Pro,E30,,/app/[orgSlug]/[locationSlug]/reports,família; compor na E00,REP-014,página/painel a compor,obrigatório,obrigatório/adaptado à superfície,18,321,planejado,,
REP-015,mapa original,Marketing/aquisicao,Qué trae cada campaña,Pro,Pro,E30,,/app/[orgSlug]/[locationSlug]/reports,família; compor na E00,REP-015,página/painel a compor,obrigatório,obrigatório/adaptado à superfície,18,322,planejado,,
REP-016,mapa original,Relatorio multi-unidade,Compara tus restaurantes,Pro,Pro,E30,,/app/[orgSlug]/[locationSlug]/reports,família; compor na E00,REP-016,página/painel a compor,obrigatório,obrigatório/adaptado à superfície,18,323,planejado,,
REP-017,mapa original,Construtor/exportacao,Tu informe a medida,Pro,Pro,E30,,/app/[orgSlug]/[locationSlug]/reports,família; compor na E00,REP-017,página/painel a compor,obrigatório,obrigatório/adaptado à superfície,18,324,planejado,,
INT-001,mapa original,Catalogo de integracoes,Conecta tus herramientas,Pro,Pro,E32,,/app/[orgSlug]/[locationSlug]/integrations,família; compor na E00,INT-001,página/painel a compor,obrigatório,obrigatório/adaptado à superfície,18,325,planejado,,
INT-002,mapa original,Detalhe da integracao,Detalle de la conexión,Pro,Pro,E32,,/app/[orgSlug]/[locationSlug]/integrations,família; compor na E00,INT-002,página/painel a compor,obrigatório,obrigatório/adaptado à superfície,18,326,planejado,,
INT-003,mapa original,Google Business/links,Tu restaurante en Google,Starter+,Starter+,E10,,/app/[orgSlug]/[locationSlug]/integrations,família; compor na E00,INT-003,página/painel a compor,obrigatório,obrigatório/adaptado à superfície,18,327,validado,"Os dados que têm de coincidir entre a ficha do Google e o site, num sítio só. NÃO fala com o Google e diz que não fala — escrever ""sincronizado"" ao lado de um botão que não sincroniza nada é sucesso sobre nada. móvel medido no navegador a 360, 390, 768, 1280 e 1440 px: transbordo horizontal, elementos fora do ecrã, alvos de toque a 44 px e contraste WCAG. Toda a visita afirma o endereço final e um marcador da própria tela. · inspeccao/painel.spec.ts · VALIDADO 04/09 pelo sénior: provar-sites.sh 0 falhas, 11 passos, 8 controlos negativos — o catch largo, a regra preguiçosa e a porta que serve sem prova de controlo; e 254 casos de navegador corridos pelo revisor, não declarados",
INT-004,mapa original,WhatsApp/mensageria,Mensajería del restaurante,Restaurant+,Restaurant+,E19,E32,/app/[orgSlug]/[locationSlug]/integrations,família; compor na E00,INT-004,página/painel a compor,obrigatório,obrigatório/adaptado à superfície,18,328,planejado,,
INT-005,mapa original,Pagamento provider,Proveedor de pagos,Pro,Pro,E23,,/app/[orgSlug]/[locationSlug]/integrations,família; compor na E00,INT-005,página/painel a compor,obrigatório,obrigatório/adaptado à superfície,18,329,planejado,,
INT-006,mapa original,Fiscal/contabilidade,Fiscal y contabilidad,Pro,Pro,E24,,/app/[orgSlug]/[locationSlug]/integrations,família; compor na E00,INT-006,página/painel a compor,obrigatório,obrigatório/adaptado à superfície,18,330,planejado,,
INT-007,mapa original,Delivery provider,Conecta delivery,Pro,Concessão específica + dependências do canal,E32,,/app/[orgSlug]/[locationSlug]/integrations,família; compor na E00,INT-007,página/painel a compor,obrigatório,obrigatório/adaptado à superfície,18,331,planejado,,D15
INT-008,mapa original,API keys,Claves de API,Pro,Pro,E32,,/app/[orgSlug]/[locationSlug]/integrations,família; compor na E00,INT-008,página/painel a compor,obrigatório,obrigatório/adaptado à superfície,18,332,planejado,,
INT-009,mapa original,Webhooks,Tus webhooks,Pro,Pro,E32,,/app/[orgSlug]/[locationSlug]/integrations,família; compor na E00,INT-009,página/painel a compor,obrigatório,obrigatório/adaptado à superfície,18,333,planejado,,
INT-010,mapa original,Logs de integracao,Qué ocurrió en la integración,Pro,Pro,E32,,/app/[orgSlug]/[locationSlug]/integrations,família; compor na E00,INT-010,página/painel a compor,obrigatório,obrigatório/adaptado à superfície,18,334,planejado,,
DEV-001,mapa original,Dispositivos,Dispositivos del restaurante,Restaurant+,Restaurant+,E13,,/app/[orgSlug]/[locationSlug]/devices,família; compor na E00,DEV-001,página/painel a compor,obrigatório,obrigatório/adaptado à superfície,18,335,planejado,,
DEV-002,mapa original,Parear dispositivo,Conecta un dispositivo,Restaurant+,Restaurant+,E13,,/app/[orgSlug]/[locationSlug]/devices,família; compor na E00,DEV-002,página/painel a compor,obrigatório,obrigatório/adaptado à superfície,18,336,planejado,,
DEV-003,mapa original,Detalhe do dispositivo,Cocina 01,Restaurant+,Restaurant+,E13,,/app/[orgSlug]/[locationSlug]/devices,família; compor na E00,DEV-003,página/painel a compor,obrigatório,obrigatório/adaptado à superfície,18,337,planejado,,
DEV-004,mapa original,Revogar dispositivo,Retira el acceso,Restaurant+,Restaurant+,E13,,/app/[orgSlug]/[locationSlug]/devices,família; compor na E00,DEV-004,diálogo/painel ou etapa do fluxo,obrigatório,obrigatório/adaptado à superfície,19,338,planejado,,
DEV-005,mapa original,Impressoras,Impresoras de servicio,Restaurant+,Restaurant+,E31,,/app/[orgSlug]/[locationSlug]/devices,família; compor na E00,DEV-005,página/painel a compor,obrigatório,obrigatório/adaptado à superfície,19,339,planejado,,
DEV-006,mapa original,Diagnostico,Comprueba la conexión,Restaurant+,Restaurant+,E31,,/app/[orgSlug]/[locationSlug]/devices,família; compor na E00,DEV-006,página/painel a compor,obrigatório,obrigatório/adaptado à superfície,19,340,planejado,,
SET-001,mapa original,Configuracoes gerais,Preferencias del restaurante,Todos,Todos,E06,,/[idioma]/app/[orgSlug]/[locationSlug]/settings,sim,SET-001,página/painel a compor,obrigatório,obrigatório/adaptado à superfície,19,341,validado,docs/progress/E06.md · mudar moeda ou fuso não reescreve o passado; formato de data derivado,
SET-002,mapa original,Idiomas,Idiomas de tu experiencia,Todos,Todos,E06,,/[idioma]/app/[orgSlug]/[locationSlug]/settings/idiomas,sim,SET-002,página/painel a compor,obrigatório,obrigatório/adaptado à superfície,19,342,validado,"docs/progress/E06.md · três idiomas suportados, não os quatro do atlas; carta por medir",
SET-003,mapa original,Tipos de servico,Tipos de servicio,Restaurant+,Restaurant+,E13,,/app/[orgSlug]/[locationSlug]/settings,família; compor na E00,SET-003,página/painel a compor,obrigatório,obrigatório/adaptado à superfície,19,343,planejado,,
SET-004,mapa original,Configuracoes de pedido,Reglas de pedidos,Restaurant+,Restaurant+,E14,,/app/[orgSlug]/[locationSlug]/settings,família; compor na E00,SET-004,página/painel a compor,obrigatório,obrigatório/adaptado à superfície,19,344,planejado,,
SET-005,mapa original,Roteamento de producao,Cada producto a su estación,Restaurant+,Restaurant+,E16,,/app/[orgSlug]/[locationSlug]/settings,família; compor na E00,SET-005,página/painel a compor,obrigatório,obrigatório/adaptado à superfície,19,345,planejado,,
SET-006,mapa original,Configuracoes de KDS,Ajusta las pantallas de cocina,Restaurant+,Restaurant+,E16,,/app/[orgSlug]/[locationSlug]/settings,família; compor na E00,SET-006,página/painel a compor,obrigatório,obrigatório/adaptado à superfície,19,346,planejado,,
SET-007,mapa original,Configuracoes de reservas,Preferencias de reservas,Restaurant,Restaurant,E18,,/app/[orgSlug]/[locationSlug]/settings,família; compor na E00,SET-007,página/painel a compor,obrigatório,obrigatório/adaptado à superfície,19,347,planejado,,
SET-008,mapa original,Notificacoes,Quién recibe cada aviso,Restaurant+,Restaurant+,E15,,/app/[orgSlug]/[locationSlug]/settings,família; compor na E00,SET-008,página/painel a compor,obrigatório,obrigatório/adaptado à superfície,19,348,planejado,,
SET-009,mapa original,Templates transacionais,Mensajes de servicio,Restaurant+,Restaurant+,E19,,/app/[orgSlug]/[locationSlug]/settings,família; compor na E00,SET-009,página/painel a compor,obrigatório,obrigatório/adaptado à superfície,19,349,planejado,,
SET-010,mapa original,Politica de acesso,Protege los accesos,Pro,Todos: segurança básica; gestão avançada conforme plano,E33,"E04,E13",/app/[orgSlug]/[locationSlug]/settings,família; compor na E00,SET-010,página/painel a compor,obrigatório,obrigatório/adaptado à superfície,19,350,planejado,,D06
SET-011,mapa original,Auditoria,Registro de acciones,Pro,Auditoria básica sempre; consulta avançada conforme plano,E33,"E04,E33",/app/[orgSlug]/[locationSlug]/settings,família; compor na E00,SET-011,página/painel a compor,obrigatório,obrigatório/adaptado à superfície,19,351,planejado,,D07
SET-012,mapa original,Exportar dados,Exporta tus datos,Todos,Todos,E08,"E27,E29,E33",/app/[orgSlug]/[locationSlug]/settings,/app/[orgSlug]/organization/exportar,SET-012,página/painel a compor,obrigatório,obrigatório/adaptado à superfície,19,352,validado,"A permissão verifica-se DUAS vezes: ao pedir e ao descarregar, com as concessões lidas outra vez. Link expira em 1h. CSV neutralizado contra fórmulas. A coluna mostra ""caducado"", não uma data no passado. Só as exportações de quem pergunta.",
SET-013,mapa original,Retencao/privacidade,Gestiona privacidad y retención,Pro,Pro,E33,"E27,E33",/app/[orgSlug]/[locationSlug]/settings,família; compor na E00,SET-013,página/painel a compor,obrigatório,obrigatório/adaptado à superfície,19,353,planejado,,
SET-014,mapa original,Feature flags do tenant,Funciones en prueba,Interno/Pro,Interno/Pro,E33,,/app/[orgSlug]/[locationSlug]/settings,família; compor na E00,SET-014,página/painel a compor,obrigatório,obrigatório/adaptado à superfície,19,354,planejado,,
HELP-001,mapa original,Central de ajuda,¿En qué podemos ayudarte?,Todos,Todos,E33,,/app/[orgSlug]/help,família; compor na E00,HELP-001,página/painel a compor,obrigatório,obrigatório/adaptado à superfície,19,355,planejado,,
HELP-002,mapa original,Abrir ticket,Cuéntanos qué ha pasado,Todos,Todos,E33,,/app/[orgSlug]/help,família; compor na E00,HELP-002,página/painel a compor,obrigatório,obrigatório/adaptado à superfície,19,356,planejado,,
HELP-003,mapa original,Meus tickets,Tus conversaciones de soporte,Todos,Todos,E33,,/app/[orgSlug]/help,família; compor na E00,HELP-003,página/painel a compor,obrigatório,obrigatório/adaptado à superfície,19,357,planejado,,
HELP-004,mapa original,Status do sistema,Estado del servicio,Todos,Todos,E33,,/app/[orgSlug]/help,família; compor na E00,HELP-004,página/painel a compor,obrigatório,obrigatório/adaptado à superfície,19,358,planejado,,
PLAT-001,mapa original,Dashboard da plataforma,"La plataforma, en contexto",Interno,Interno,E33,,/platform,família; compor na E00,PLAT-001,página/painel a compor,obrigatório,obrigatório/adaptado à superfície,19,359,planejado,,
PLAT-002,mapa original,Lista de tenants,Organizaciones BossaOS,Interno,Interno,E05,E33,/[idioma]/platform,sim,PLAT-002,página/painel a compor,obrigatório,obrigatório/adaptado à superfície,19,360,validado,docs/progress/E05.md · provar-plataforma.sh a 0 falhas,
PLAT-003,mapa original,Detalhe do tenant,La Societat · Organización,Interno,Interno,E05,E33,/[idioma]/platform/[orgId],sim,PLAT-003,página/painel a compor,obrigatório,obrigatório/adaptado à superfície,20,361,validado,docs/progress/E05.md · provar-plataforma.sh a 0 falhas,
PLAT-004,mapa original,Entitlements do tenant,Funciones contratadas,Interno,Interno,E05,E33,/[idioma]/platform/[orgId]/entitlements,sim,PLAT-004,página/painel a compor,obrigatório,obrigatório/adaptado à superfície,20,362,validado,docs/progress/E05.md · leitura; escrita pelo scripts/plataforma.mjs auditado (E33 traz a interface),
PLAT-005,mapa original,Assinaturas/faturamento SaaS,Suscripciones de la plataforma,Interno,Interno,E32,,/platform,família; compor na E00,PLAT-005,página/painel a compor,obrigatório,obrigatório/adaptado à superfície,20,363,planejado,,
PLAT-006,mapa original,Tenants em onboarding,Implantaciones en curso,Interno,Interno,E05,E33,/[idioma]/platform/implantacoes,sim,PLAT-006,página/painel a compor,obrigatório,obrigatório/adaptado à superfície,20,364,validado,docs/progress/E05.md · fase derivada do que existe; catálogo revisto declarado por medir,
PLAT-007,mapa original,Fila de suporte,Casos de soporte,Interno,Interno,E33,,/platform,família; compor na E00,PLAT-007,página/painel a compor,obrigatório,obrigatório/adaptado à superfície,20,365,planejado,,
PLAT-008,mapa original,Sessao de suporte assistido,Acceso de soporte temporal,Interno,Interno,E33,,/platform,família; compor na E00,PLAT-008,diálogo/painel ou etapa do fluxo,obrigatório,obrigatório/adaptado à superfície,20,366,planejado,,
PLAT-009,mapa original,Diagnostico do tenant,Diagnóstico de la organización,Interno,Interno,E33,,/platform,família; compor na E00,PLAT-009,página/painel a compor,obrigatório,obrigatório/adaptado à superfície,20,367,planejado,,
PLAT-010,mapa original,Feature flags,Lanzamientos controlados,Interno,Interno,E05,E33,/[idioma]/platform/flags,sim,PLAT-010,página/painel a compor,obrigatório,obrigatório/adaptado à superfície,20,368,validado,docs/progress/E05.md · provar-plataforma.sh a 0 falhas,
PLAT-011,mapa original,Catalogo de planos,Catálogo de planes,Interno,Interno,E05,E33,/[idioma]/platform/planos,sim,PLAT-011,página/painel a compor,obrigatório,obrigatório/adaptado à superfície,20,369,validado,docs/progress/E05.md · provar-planos.sh: os cartões não prometem o que o plano não concede,
PLAT-012,mapa original,Cupons/promocoes SaaS,Promociones de suscripción,Interno,Interno,E32,,/platform,família; compor na E00,PLAT-012,página/painel a compor,obrigatório,obrigatório/adaptado à superfície,20,370,planejado,,
PLAT-013,mapa original,Logs/auditoria global,Registro de administración,Interno,Interno,E33,,/platform,família; compor na E00,PLAT-013,página/painel a compor,obrigatório,obrigatório/adaptado à superfície,20,371,planejado,,
PLAT-014,mapa original,Jobs e filas,Trabajos de la plataforma,Interno,Interno,E33,,/platform,família; compor na E00,PLAT-014,página/painel a compor,obrigatório,obrigatório/adaptado à superfície,20,372,planejado,,
PLAT-015,mapa original,Webhooks globais,Entregas de eventos,Interno,Interno,E32,,/platform,família; compor na E00,PLAT-015,página/painel a compor,obrigatório,obrigatório/adaptado à superfície,20,373,planejado,,
PLAT-016,mapa original,Incidentes,Gestiona un incidente,Interno,Interno,E33,,/platform,família; compor na E00,PLAT-016,página/painel a compor,obrigatório,obrigatório/adaptado à superfície,20,374,planejado,,
PLAT-017,mapa original,Templates de email/SMS,Mensajes de la plataforma,Interno,Interno,E33,,/platform,família; compor na E00,PLAT-017,página/painel a compor,obrigatório,obrigatório/adaptado à superfície,20,375,planejado,,
PLAT-018,mapa original,Moderacao/abuso,Revisa contenido reportado,Interno,Interno,E33,,/platform,família; compor na E00,PLAT-018,página/painel a compor,obrigatório,obrigatório/adaptado à superfície,20,376,planejado,,
PLAT-019,mapa original,Ferramentas de migracao,Importaciones asistidas,Interno,Interno,E33,,/platform,família; compor na E00,PLAT-019,página/painel a compor,obrigatório,obrigatório/adaptado à superfície,20,377,planejado,,
PLAT-020,mapa original,Configuracao de provedores,Proveedores de la plataforma,Interno,Interno,E32,E33,/platform,família; compor na E00,PLAT-020,página/painel a compor,obrigatório,obrigatório/adaptado à superfície,20,378,planejado,,
THEME-001,complemento atlas,,Tu tema Starter,Complemento do atlas,Starter: fixo,E05,,/[idioma]/app/[orgSlug]/[locationSlug]/website/theme,sim,THEME-001,página/painel a compor,obrigatório,obrigatório/adaptado à superfície,,379,validado,docs/progress/E05.md · provar-planos.sh: recusa coerente E não altera dados,
THEME-002,complemento atlas,,Elige los colores de tu restaurante,Complemento do atlas,Restaurant/Pro: público; downgrade preservado,E12,,/app/[orgSlug]/[locationSlug]/website/theme,família; compor na E00,THEME-002,página/painel a compor,obrigatório,obrigatório/adaptado à superfície,,380,planejado,,
THEME-003,complemento atlas,,Mira el tema antes de publicar,Complemento do atlas,Restaurant/Pro: público; downgrade preservado,E12,,/app/[orgSlug]/[locationSlug]/website/theme,família; compor na E00,THEME-003,página/painel a compor,obrigatório,obrigatório/adaptado à superfície,,381,planejado,,
THEME-004,complemento atlas,,Este color necesita ajuste,Complemento do atlas,Restaurant/Pro: público; downgrade preservado,E12,,/app/[orgSlug]/[locationSlug]/website/theme,família; compor na E00,THEME-004,página/painel a compor,obrigatório,obrigatório/adaptado à superfície,,382,planejado,,
THEME-005,complemento atlas,,Publica tus nuevos colores,Complemento do atlas,Restaurant/Pro: público; downgrade preservado,E12,,/app/[orgSlug]/[locationSlug]/website/theme,família; compor na E00,THEME-005,página/painel a compor,obrigatório,obrigatório/adaptado à superfície,,383,planejado,,
THEME-006,complemento atlas,,Brasa Norte · Tema Restaurant,Complemento do atlas,Restaurant/Pro: público; downgrade preservado,E12,,/app/[orgSlug]/[locationSlug]/website/theme,família; compor na E00,THEME-006,página/painel a compor,obrigatório,obrigatório/adaptado à superfície,,384,planejado,,
THEME-007,complemento atlas,,Oliva Bistro · Tema Pro,Complemento do atlas,Restaurant/Pro: público; downgrade preservado,E12,,/app/[orgSlug]/[locationSlug]/website/theme,família; compor na E00,THEME-007,página/painel a compor,obrigatório,obrigatório/adaptado à superfície,,385,planejado,,
THEME-008,complemento atlas,,Así cambia el tema al bajar de plan,Complemento do atlas,Restaurant/Pro: público; downgrade preservado,E12,,/app/[orgSlug]/[locationSlug]/website/theme,família; compor na E00,THEME-008,página/painel a compor,obrigatório,obrigatório/adaptado à superfície,,386,planejado,,
STATE-001,complemento atlas,,Cargando el catálogo,Complemento do atlas,"Transversal, conforme ação/plano da superfície",E02,,(na rota que executa a ação),família; compor na E00,STATE-001,estado transversal (nao e rota propria),obrigatório,obrigatório/adaptado à superfície,,387,validado,"docs/progress/E02.md · componente Estado · catalogo e estrutura-admin · móvel medido: renderizam na secção de estados do catálogo, inspeccionada a 360/390/768/1280/1440 px sem transbordo, sem elemento fora do ecrã e com alvos de 44 px",
STATE-002,complemento atlas,,Tu primer catálogo empieza aquí,Complemento do atlas,"Transversal, conforme ação/plano da superfície",E02,,(na rota que executa a ação),família; compor na E00,STATE-002,estado transversal (nao e rota propria),obrigatório,obrigatório/adaptado à superfície,,388,validado,"docs/progress/E02.md · componente Estado · catalogo e estrutura-admin · móvel medido: renderizam na secção de estados do catálogo, inspeccionada a 360/390/768/1280/1440 px sem transbordo, sem elemento fora do ecrã e com alvos de 44 px",
STATE-003,complemento atlas,,No se han podido guardar los cambios,Complemento do atlas,"Transversal, conforme ação/plano da superfície",E02,,(na rota que executa a ação),família; compor na E00,STATE-003,estado transversal (nao e rota propria),obrigatório,obrigatório/adaptado à superfície,,389,validado,"docs/progress/E02.md · componente Estado · catalogo e estrutura-admin · móvel medido: renderizam na secção de estados do catálogo, inspeccionada a 360/390/768/1280/1440 px sem transbordo, sem elemento fora do ecrã e com alvos de 44 px",
STATE-004,complemento atlas,,Estamos sin conexión,Complemento do atlas,"Transversal, conforme ação/plano da superfície",E15,,(na rota que executa a ação),família; compor na E00,STATE-004,estado transversal,obrigatório,obrigatório/adaptado à superfície,,390,planejado,,
STATE-005,complemento atlas,,No tienes acceso a esta acción,Complemento do atlas,"Transversal, conforme ação/plano da superfície",E02,,(na rota que executa a ação),família; compor na E00,STATE-005,estado transversal (nao e rota propria),obrigatório,obrigatório/adaptado à superfície,,391,validado,"docs/progress/E02.md · componente Estado · catalogo e estrutura-admin · móvel medido: renderizam na secção de estados do catálogo, inspeccionada a 360/390/768/1280/1440 px sem transbordo, sem elemento fora do ecrã e com alvos de 44 px",
STATE-006,complemento atlas,,Esta función está en Pro,Complemento do atlas,"Transversal, conforme ação/plano da superfície",E05,,"(componente BloqueioDePlano, na rota que executa a acção)",estado transversal,STATE-006,estado transversal,obrigatório,obrigatório/adaptado à superfície,,392,validado,"docs/progress/E05.md · a recusa vem de decidirCapacidade, não de texto fixo",
STATE-007,complemento atlas,,Tienes cambios sin guardar,Complemento do atlas,"Transversal, conforme ação/plano da superfície",E02,,(na rota que executa a ação),família; compor na E00,STATE-007,estado transversal (nao e rota propria),obrigatório,obrigatório/adaptado à superfície,,393,validado,"docs/progress/E02.md · componente Estado · catalogo e estrutura-admin · móvel medido: renderizam na secção de estados do catálogo, inspeccionada a 360/390/768/1280/1440 px sem transbordo, sem elemento fora do ecrã e com alvos de 44 px",
STATE-008,complemento atlas,,Otra persona ha actualizado este producto,Complemento do atlas,"Transversal, conforme ação/plano da superfície",E15,,(na rota que executa a ação),família; compor na E00,STATE-008,estado transversal,obrigatório,obrigatório/adaptado à superfície,,394,planejado,,
STATE-009,complemento atlas,,La sesión de esta mesa terminó,Complemento do atlas,"Transversal, conforme ação/plano da superfície",E17,,(na rota que executa a ação),família; compor na E00,STATE-009,estado transversal,obrigatório,obrigatório/adaptado à superfície,,395,planejado,,
STATE-010,complemento atlas,,Revisa el artículo agotado,Complemento do atlas,"Transversal, conforme ação/plano da superfície",E17,,(na rota que executa a ação),família; compor na E00,STATE-010,estado transversal,obrigatório,obrigatório/adaptado à superfície,,396,planejado,,
STATE-011,complemento atlas,,El pago sigue en comprobación,Complemento do atlas,"Transversal, conforme ação/plano da superfície",E23,,(na rota que executa a ação),família; compor na E00,STATE-011,estado transversal,obrigatório,obrigatório/adaptado à superfície,,397,planejado,,
STATE-012,complemento atlas,,Cocina 01 no tiene conexión,Complemento do atlas,"Transversal, conforme ação/plano da superfície",E16,,(na rota que executa a ação),família; compor na E00,STATE-012,estado transversal,obrigatório,obrigatório/adaptado à superfície,,398,planejado,,
STATE-013,complemento atlas,,Esta unidad está archivada,Complemento do atlas,"Transversal, conforme ação/plano da superfície",E06,,"(componente UnidadeArquivada, na rota que executa a acção)",estado transversal,STATE-013,estado transversal,obrigatório,obrigatório/adaptado à superfície,,399,validado,"docs/progress/E06.md · arquivar preserva o histórico, provado por contagem depois",
STATE-014,complemento atlas,,Vuelve a confirmar tu identidad,Complemento do atlas,"Transversal, conforme ação/plano da superfície",E04,,(na rota que executa a ação),família; compor na E00,STATE-014,estado transversal (componente Estado),obrigatório,obrigatório/adaptado à superfície,,400,validado,docs/progress/E04.md · prova provar-acesso.sh a 0 falhas,
STATE-015,complemento atlas,,Lo que necesita tu atención,Complemento do atlas,"Transversal, conforme ação/plano da superfície",E15,,(na rota que executa a ação),família; compor na E00,STATE-015,estado transversal,obrigatório,obrigatório/adaptado à superfície,,401,planejado,,
STATE-016,complemento atlas,,Archiva con trazabilidad,Complemento do atlas,"Transversal, conforme ação/plano da superfície",E02,,(na rota que executa a ação),família; compor na E00,STATE-016,estado transversal (nao e rota propria),obrigatório,obrigatório/adaptado à superfície,,402,validado,"docs/progress/E02.md · componente Estado · catalogo e estrutura-admin · móvel medido: renderizam na secção de estados do catálogo, inspeccionada a 360/390/768/1280/1440 px sem transbordo, sem elemento fora do ecrã e com alvos de 44 px",
